<?xml version="1.0" encoding="UTF-8"?>
<typeSystemDescription xmlns="http://uima.apache.org/resourceSpecifier">
  <name>AmbiguousPhrase</name>
  <description/>
  <version>1.0</version>
  <vendor/>
  <types>
    <typeDescription>
      <name>lu.svv.saa.maana.type.AmbiguousPhrase</name>
      <description/>
      <supertypeName>uima.tcas.Annotation</supertypeName>
      <features>
        <featureDescription>
          <name>id</name>
          <description>Ambiguity's ID</description>
          <rangeTypeName>uima.cas.Integer</rangeTypeName>
        </featureDescription>
         <featureDescription>
          <name>CCid</name>
          <description>Coordination's ID</description>
          <rangeTypeName>uima.cas.Integer</rangeTypeName>
        </featureDescription>
        <featureDescription>
          <name>Mid</name>
          <description>Modifier's ID</description>
          <rangeTypeName>uima.cas.Integer</rangeTypeName>
        </featureDescription>
        <featureDescription>
          <name>N2id</name>
          <description>N2's ID</description>
          <rangeTypeName>uima.cas.Integer</rangeTypeName>
        </featureDescription>
        <featureDescription>
          <name>text</name>
          <description>The Ambiguous Phrase's text</description>
          <rangeTypeName>uima.cas.String</rangeTypeName>
        </featureDescription>
        <featureDescription>
          <name>sentence</name>
          <description>The Ambiguous sentence's text</description>
          <rangeTypeName>uima.cas.String</rangeTypeName>
        </featureDescription>
        <featureDescription>
          <name>pattern</name>
          <description>The Ambiguous Phrase's pattern</description>
          <rangeTypeName>uima.cas.String</rangeTypeName>
        </featureDescription>
        <featureDescription>
          <name>textBegin</name>
          <description>The Ambiguous Phrase's text beginning if it has any</description>
          <rangeTypeName>uima.cas.Integer</rangeTypeName>
        </featureDescription>
       <featureDescription>
          <name>textEnd</name>
          <description>The Ambiguous Phrase's text end if it has any</description>
          <rangeTypeName>uima.cas.Integer</rangeTypeName>
        </featureDescription>
        <featureDescription>
          <name>heuristics</name>
          <description>heuristics decisions</description>
          <rangeTypeName>uima.cas.Integer</rangeTypeName>
        </featureDescription>
      </features>
    </typeDescription>
  </types>
</typeSystemDescription>
