id;annotator1;annotator2
155;1-First Read;1-First Read
156;1-First Read;1-First Read
157;1-First Read;1-First Read
158;1-First Read;1-First Read
159;2-Second Read;1-First Read
160;1-First Read;0-Ambiguous
161;1-First Read;1-First Read
162;1-First Read;1-First Read
163;1-First Read;1-First Read
164;1-First Read;1-First Read
165;1-First Read;1-First Read
166;1-First Read;0-Ambiguous
167;0-Ambiguous;0-Ambiguous
168;1-First Read;1-First Read
169;2-Second Read;1-First Read
170;1-First Read;2-Second Read
171;1-First Read;2-Second Read
172;1-First Read;1-First Read
173;2-Second Read;1-First Read
174;1-First Read;1-First Read
175;1-First Read;2-Second Read
176;1-First Read;1-First Read
177;1-First Read;2-Second Read
178;1-First Read;2-Second Read
179;0-Ambiguous;0-Ambiguous
180;2-Second Read;1-First Read
181;0-Ambiguous;0-Ambiguous
182;1-First Read;1-First Read
183;2-Second Read;1-First Read
184;1-First Read;1-First Read
185;2-Second Read;1-First Read
186;0-Ambiguous;0-Ambiguous
188;0-Ambiguous;0-Ambiguous
189;2-Second Read;1-First Read
190;1-First Read;0-Ambiguous
191;0-Ambiguous;0-Ambiguous
192;1-First Read;2-Second Read
193;1-First Read;1-First Read
194;1-First Read;1-First Read
195;1-First Read;2-Second Read
196;2-Second Read;2-Second Read
197;0-Ambiguous;0-Ambiguous
198;0-Ambiguous;0-Ambiguous
199;2-Second Read;2-Second Read
200;2-Second Read;2-Second Read
201;1-First Read;2-Second Read
202;1-First Read;1-First Read
203;1-First Read;1-First Read
204;1-First Read;2-Second Read
205;2-Second Read;1-First Read
206;1-First Read;2-Second Read
207;1-First Read;2-Second Read
208;1-First Read;1-First Read
209;2-Second Read;1-First Read
210;2-Second Read;1-First Read
211;1-First Read;2-Second Read
212;2-Second Read;2-Second Read
213;1-First Read;1-First Read
215;2-Second Read;1-First Read
216;2-Second Read;0-Ambiguous
219;2-Second Read;2-Second Read
220;0-Ambiguous;0-Ambiguous
221;2-Second Read;1-First Read
222;1-First Read;0-Ambiguous
223;0-Ambiguous;0-Ambiguous
224;1-First Read;1-First Read
225;2-Second Read;1-First Read
226;1-First Read;1-First Read
227;1-First Read;1-First Read
228;2-Second Read;1-First Read
229;1-First Read;1-First Read
230;1-First Read;2-Second Read
231;1-First Read;1-First Read
233;1-First Read;2-Second Read
234;0-Ambiguous;0-Ambiguous
235;0-Ambiguous;0-Ambiguous
236;2-Second Read;2-Second Read
238;2-Second Read;2-Second Read
239;1-First Read;2-Second Read
240;0-Ambiguous;0-Ambiguous
241;1-First Read;2-Second Read
242;2-Second Read;2-Second Read
243;0-Ambiguous;0-Ambiguous
244;1-First Read;1-First Read
245;1-First Read;2-Second Read
246;1-First Read;1-First Read
247;2-Second Read;2-Second Read
248;0-Ambiguous;0-Ambiguous
249;1-First Read;1-First Read
250;1-First Read;1-First Read
251;1-First Read;1-First Read
252;1-First Read;2-Second Read
253;2-Second Read;2-Second Read
254;1-First Read;2-Second Read
255;2-Second Read;1-First Read
256;2-Second Read;1-First Read
257;1-First Read;1-First Read
258;1-First Read;1-First Read
259;1-First Read;1-First Read
261;1-First Read;1-First Read
264;1-First Read;1-First Read
265;2-Second Read;1-First Read
266;2-Second Read;1-First Read
267;1-First Read;2-Second Read
268;1-First Read;1-First Read
271;1-First Read;2-Second Read
273;1-First Read;1-First Read
275;1-First Read;2-Second Read
277;1-First Read;1-First Read
278;1-First Read;0-Ambiguous
279;1-First Read;1-First Read
280;1-First Read;2-Second Read
281;1-First Read;2-Second Read
282;1-First Read;1-First Read
287;0-Ambiguous;2-Second Read
289;1-First Read;2-Second Read
295;0-Ambiguous;0-Ambiguous
302;2-Second Read;2-Second Read
303;0-Ambiguous;0-Ambiguous
304;1-First Read;1-First Read
305;1-First Read;1-First Read
306;2-Second Read;1-First Read
307;2-Second Read;1-First Read
308;2-Second Read;2-Second Read
309;2-Second Read;1-First Read
310;1-First Read;1-First Read
311;2-Second Read;1-First Read
312;2-Second Read;1-First Read
314;2-Second Read;1-First Read
315;1-First Read;1-First Read
316;1-First Read;1-First Read
317;0-Ambiguous;0-Ambiguous
318;2-Second Read;1-First Read
319;1-First Read;1-First Read
320;1-First Read;1-First Read
321;2-Second Read;1-First Read
323;2-Second Read;1-First Read
324;1-First Read;0-Ambiguous
325;2-Second Read;2-Second Read
326;1-First Read;0-Ambiguous
327;2-Second Read;2-Second Read
328;1-First Read;1-First Read
329;2-Second Read;1-First Read
330;0-Ambiguous;0-Ambiguous
331;1-First Read;1-First Read
332;1-First Read;1-First Read
333;2-Second Read;1-First Read
334;2-Second Read;1-First Read
335;2-Second Read;1-First Read
336;1-First Read;1-First Read
337;2-Second Read;1-First Read
338;2-Second Read;1-First Read
339;0-Ambiguous;0-Ambiguous
340;1-First Read;1-First Read
341;1-First Read;1-First Read
342;2-Second Read;2-Second Read
343;0-Ambiguous;1-First Read
344;2-Second Read;2-Second Read
345;1-First Read;2-Second Read
346;1-First Read;1-First Read
347;0-Ambiguous;0-Ambiguous
348;1-First Read;1-First Read
349;0-Ambiguous;0-Ambiguous
350;1-First Read;1-First Read
351;0-Ambiguous;2-Second Read
353;1-First Read;1-First Read
354;0-Ambiguous;0-Ambiguous
355;1-First Read;1-First Read
356;1-First Read;1-First Read
357;1-First Read;2-Second Read
358;1-First Read;2-Second Read
359;2-Second Read;2-Second Read
360;1-First Read;1-First Read
361;1-First Read;1-First Read
362;1-First Read;2-Second Read
363;1-First Read;2-Second Read
364;1-First Read;2-Second Read
365;0-Ambiguous;0-Ambiguous
366;1-First Read;2-Second Read
367;1-First Read;1-First Read
368;1-First Read;2-Second Read
369;2-Second Read;2-Second Read
370;1-First Read;1-First Read
371;1-First Read;2-Second Read
372;2-Second Read;2-Second Read
373;1-First Read;2-Second Read
374;1-First Read;1-First Read
375;1-First Read;1-First Read
376;1-First Read;1-First Read
377;0-Ambiguous;0-Ambiguous
378;1-First Read;1-First Read
379;2-Second Read;2-Second Read
574;2-Second Read;2-Second Read
575;2-Second Read;1-First Read
576;2-Second Read;1-First Read
578;2-Second Read;1-First Read
579;2-Second Read;2-Second Read
580;1-First Read;0-Ambiguous
581;2-Second Read;1-First Read
582;2-Second Read;1-First Read
587;2-Second Read;1-First Read
588;1-First Read;1-First Read
589;2-Second Read;1-First Read
590;1-First Read;1-First Read
591;2-Second Read;1-First Read
593;2-Second Read;1-First Read
594;2-Second Read;1-First Read
595;1-First Read;1-First Read
596;1-First Read;1-First Read
597;1-First Read;1-First Read
598;1-First Read;1-First Read
599;2-Second Read;1-First Read
600;1-First Read;1-First Read
601;2-Second Read;1-First Read
603;1-First Read;1-First Read
605;0-Ambiguous;0-Ambiguous
606;0-Ambiguous;0-Ambiguous
607;0-Ambiguous;0-Ambiguous
608;0-Ambiguous;0-Ambiguous
609;0-Ambiguous;0-Ambiguous
610;0-Ambiguous;0-Ambiguous
611;0-Ambiguous;0-Ambiguous
612;2-Second Read;0-Ambiguous
613;0-Ambiguous;0-Ambiguous
614;0-Ambiguous;0-Ambiguous
615;0-Ambiguous;0-Ambiguous
616;2-Second Read;1-First Read
617;0-Ambiguous;0-Ambiguous
619;0-Ambiguous;0-Ambiguous
620;0-Ambiguous;0-Ambiguous
621;0-Ambiguous;0-Ambiguous
622;1-First Read;0-Ambiguous
623;0-Ambiguous;0-Ambiguous
624;2-Second Read;1-First Read
625;0-Ambiguous;0-Ambiguous
626;2-Second Read;0-Ambiguous
639;1-First Read;1-First Read
642;2-Second Read;2-Second Read
644;1-First Read;1-First Read
645;1-First Read;2-Second Read
646;1-First Read;1-First Read
658;1-First Read;1-First Read
662;2-Second Read;2-Second Read
666;1-First Read;1-First Read
667;1-First Read;1-First Read
670;1-First Read;0-Ambiguous
672;1-First Read;1-First Read
675;2-Second Read;1-First Read
679;1-First Read;1-First Read
681;1-First Read;1-First Read
688;1-First Read;1-First Read
706;0-Ambiguous;0-Ambiguous
744;0-Ambiguous;0-Ambiguous
753;1-First Read;2-Second Read
774;1-First Read;1-First Read
777;2-Second Read;1-First Read
799;1-First Read;2-Second Read
800;1-First Read;2-Second Read
806;2-Second Read;1-First Read
807;0-Ambiguous;0-Ambiguous
808;2-Second Read;1-First Read
809;0-Ambiguous;0-Ambiguous
810;2-Second Read;2-Second Read
816;1-First Read;1-First Read
821;1-First Read;1-First Read
823;2-Second Read;1-First Read
824;1-First Read;1-First Read
825;1-First Read;1-First Read
826;2-Second Read;1-First Read
827;1-First Read;1-First Read
828;2-Second Read;2-Second Read
829;1-First Read;1-First Read
832;1-First Read;1-First Read
834;2-Second Read;2-Second Read
835;2-Second Read;1-First Read
836;0-Ambiguous;0-Ambiguous
837;2-Second Read;1-First Read
838;0-Ambiguous;0-Ambiguous
839;2-Second Read;2-Second Read
840;1-First Read;1-First Read
841;2-Second Read;1-First Read
842;1-First Read;1-First Read
843;0-Ambiguous;0-Ambiguous
844;2-Second Read;2-Second Read
845;1-First Read;1-First Read
846;1-First Read;0-Ambiguous
847;1-First Read;1-First Read
848;1-First Read;1-First Read
849;1-First Read;1-First Read
850;1-First Read;1-First Read
851;1-First Read;1-First Read
852;0-Ambiguous;0-Ambiguous
855;2-Second Read;2-Second Read
857;2-Second Read;2-Second Read
858;2-Second Read;1-First Read
859;2-Second Read;2-Second Read
860;2-Second Read;1-First Read
862;2-Second Read;1-First Read
863;2-Second Read;2-Second Read
864;1-First Read;1-First Read
865;0-Ambiguous;0-Ambiguous
866;2-Second Read;1-First Read
867;2-Second Read;1-First Read
868;2-Second Read;1-First Read
869;2-Second Read;1-First Read
871;1-First Read;2-Second Read
872;2-Second Read;0-Ambiguous
873;0-Ambiguous;0-Ambiguous
874;2-Second Read;2-Second Read
875;0-Ambiguous;0-Ambiguous
876;2-Second Read;0-Ambiguous
877;1-First Read;2-Second Read
878;1-First Read;2-Second Read
879;1-First Read;2-Second Read
880;1-First Read;2-Second Read
881;1-First Read;1-First Read
882;2-Second Read;2-Second Read
885;0-Ambiguous;0-Ambiguous
886;0-Ambiguous;0-Ambiguous
887;0-Ambiguous;0-Ambiguous
888;2-Second Read;1-First Read
889;2-Second Read;1-First Read
890;2-Second Read;1-First Read
891;2-Second Read;1-First Read
892;1-First Read;0-Ambiguous
894;1-First Read;0-Ambiguous
895;2-Second Read;1-First Read
896;2-Second Read;1-First Read
897;0-Ambiguous;1-First Read
898;2-Second Read;2-Second Read
900;2-Second Read;1-First Read
901;0-Ambiguous;0-Ambiguous
902;1-First Read;1-First Read
903;2-Second Read;2-Second Read
904;1-First Read;1-First Read
905;2-Second Read;1-First Read
907;2-Second Read;1-First Read
908;1-First Read;1-First Read
909;1-First Read;1-First Read
910;2-Second Read;0-Ambiguous
911;1-First Read;1-First Read
912;1-First Read;1-First Read
914;1-First Read;1-First Read
917;2-Second Read;1-First Read
918;1-First Read;1-First Read
919;1-First Read;1-First Read
920;1-First Read;1-First Read
921;1-First Read;1-First Read
922;1-First Read;1-First Read
924;2-Second Read;1-First Read
925;2-Second Read;1-First Read
926;1-First Read;1-First Read
927;0-Ambiguous;0-Ambiguous
928;2-Second Read;1-First Read
929;1-First Read;1-First Read
930;1-First Read;1-First Read
932;2-Second Read;1-First Read
933;1-First Read;1-First Read
934;2-Second Read;1-First Read
935;1-First Read;1-First Read
936;1-First Read;1-First Read
937;1-First Read;1-First Read
938;1-First Read;0-Ambiguous
939;1-First Read;1-First Read
965;0-Ambiguous;0-Ambiguous
966;0-Ambiguous;0-Ambiguous
967;2-Second Read;1-First Read
969;0-Ambiguous;0-Ambiguous
970;1-First Read;0-Ambiguous
971;0-Ambiguous;0-Ambiguous
974;0-Ambiguous;0-Ambiguous
1036;0-Ambiguous;0-Ambiguous
1038;1-First Read;2-Second Read
1039;0-Ambiguous;0-Ambiguous
1040;1-First Read;1-First Read
1041;0-Ambiguous;0-Ambiguous
1043;1-First Read;2-Second Read
1046;0-Ambiguous;0-Ambiguous
1049;0-Ambiguous;0-Ambiguous
1051;0-Ambiguous;0-Ambiguous
1052;1-First Read;2-Second Read
1053;1-First Read;2-Second Read
1056;0-Ambiguous;0-Ambiguous
1057;1-First Read;1-First Read
1058;1-First Read;1-First Read
1061;1-First Read;2-Second Read
1063;0-Ambiguous;0-Ambiguous
1064;1-First Read;0-Ambiguous
1065;1-First Read;1-First Read
1066;1-First Read;2-Second Read
1067;0-Ambiguous;0-Ambiguous
1068;1-First Read;1-First Read
1071;1-First Read;2-Second Read
1072;1-First Read;2-Second Read
1073;0-Ambiguous;0-Ambiguous
1074;1-First Read;0-Ambiguous
1076;1-First Read;1-First Read
1077;1-First Read;2-Second Read
1078;1-First Read;1-First Read
1079;1-First Read;1-First Read
1082;1-First Read;2-Second Read
1083;1-First Read;2-Second Read
1084;0-Ambiguous;0-Ambiguous
1085;1-First Read;2-Second Read
1086;1-First Read;1-First Read
1087;0-Ambiguous;0-Ambiguous
1088;1-First Read;2-Second Read
1089;0-Ambiguous;0-Ambiguous
1092;1-First Read;1-First Read
1094;1-First Read;1-First Read
1095;0-Ambiguous;0-Ambiguous
1096;1-First Read;1-First Read
1099;1-First Read;1-First Read
1100;1-First Read;0-Ambiguous
1102;1-First Read;1-First Read
1103;1-First Read;1-First Read
1104;1-First Read;1-First Read
1105;0-Ambiguous;0-Ambiguous
1106;2-Second Read;2-Second Read
1107;1-First Read;1-First Read
1108;1-First Read;1-First Read
1110;1-First Read;1-First Read
1113;1-First Read;1-First Read
1114;1-First Read;1-First Read
1117;2-Second Read;2-Second Read
1118;1-First Read;1-First Read
1119;1-First Read;1-First Read
1120;1-First Read;0-Ambiguous
1122;0-Ambiguous;0-Ambiguous
1123;2-Second Read;2-Second Read
1125;1-First Read;1-First Read
1126;1-First Read;2-Second Read
1127;0-Ambiguous;0-Ambiguous
1128;1-First Read;0-Ambiguous
1129;1-First Read;2-Second Read
1130;1-First Read;1-First Read
1132;1-First Read;1-First Read
1133;2-Second Read;2-Second Read
1134;1-First Read;1-First Read
1135;1-First Read;1-First Read
1136;0-Ambiguous;0-Ambiguous
1137;1-First Read;1-First Read
1138;1-First Read;2-Second Read
1141;1-First Read;2-Second Read
1151;1-First Read;2-Second Read
1171;1-First Read;2-Second Read
1181;1-First Read;2-Second Read
1183;0-Ambiguous;0-Ambiguous
1191;0-Ambiguous;0-Ambiguous
1212;0-Ambiguous;0-Ambiguous
1233;1-First Read;1-First Read
1234;2-Second Read;1-First Read
1235;2-Second Read;2-Second Read
1237;2-Second Read;1-First Read
1238;0-Ambiguous;0-Ambiguous
1239;1-First Read;1-First Read
1240;1-First Read;1-First Read
1241;1-First Read;1-First Read
1242;1-First Read;1-First Read
1243;2-Second Read;1-First Read
1244;1-First Read;1-First Read
1245;1-First Read;1-First Read
1246;1-First Read;1-First Read
1247;1-First Read;1-First Read
1248;1-First Read;1-First Read
1249;0-Ambiguous;0-Ambiguous
1250;2-Second Read;0-Ambiguous
1251;2-Second Read;1-First Read
1252;1-First Read;1-First Read
1253;0-Ambiguous;0-Ambiguous
1254;0-Ambiguous;0-Ambiguous
1255;1-First Read;1-First Read
1256;2-Second Read;2-Second Read
1257;0-Ambiguous;0-Ambiguous
1258;1-First Read;1-First Read
1259;0-Ambiguous;0-Ambiguous
1261;1-First Read;1-First Read
1263;0-Ambiguous;0-Ambiguous
1265;1-First Read;1-First Read
1266;2-Second Read;1-First Read
1267;2-Second Read;1-First Read
1269;0-Ambiguous;0-Ambiguous
1270;1-First Read;1-First Read
1271;2-Second Read;1-First Read
1274;1-First Read;1-First Read
1276;2-Second Read;1-First Read
1277;2-Second Read;1-First Read
1279;1-First Read;2-Second Read
1280;1-First Read;2-Second Read
1281;1-First Read;1-First Read
1283;1-First Read;2-Second Read
1284;1-First Read;2-Second Read
1285;1-First Read;1-First Read
1286;1-First Read;2-Second Read
1287;0-Ambiguous;0-Ambiguous
1288;2-Second Read;2-Second Read
1289;2-Second Read;2-Second Read
1290;1-First Read;1-First Read
1291;1-First Read;2-Second Read
1293;1-First Read;2-Second Read
1294;1-First Read;1-First Read
1295;0-Ambiguous;0-Ambiguous
1296;2-Second Read;0-Ambiguous
1297;0-Ambiguous;0-Ambiguous
1298;1-First Read;1-First Read
1313;0-Ambiguous;0-Ambiguous
1323;1-First Read;2-Second Read
1343;1-First Read;2-Second Read
1353;0-Ambiguous;0-Ambiguous
1363;1-First Read;2-Second Read
1704;1-First Read;2-Second Read
1714;1-First Read;2-Second Read
1724;2-Second Read;1-First Read
1744;0-Ambiguous;0-Ambiguous
1754;2-Second Read;1-First Read
1764;2-Second Read;1-First Read
1774;0-Ambiguous;0-Ambiguous
1929;2-Second Read;1-First Read
1979;0-Ambiguous;0-Ambiguous
1989;2-Second Read;1-First Read
2085;1-First Read;1-First Read
2086;1-First Read;1-First Read
2087;0-Ambiguous;0-Ambiguous
2088;1-First Read;1-First Read
2089;1-First Read;1-First Read
2090;2-Second Read;1-First Read
2091;1-First Read;1-First Read
2092;2-Second Read;2-Second Read
2093;0-Ambiguous;0-Ambiguous
2094;2-Second Read;1-First Read
2095;0-Ambiguous;0-Ambiguous
2096;0-Ambiguous;0-Ambiguous
2097;2-Second Read;2-Second Read
2098;2-Second Read;2-Second Read
2099;2-Second Read;2-Second Read
2100;1-First Read;1-First Read
2101;2-Second Read;1-First Read
2102;0-Ambiguous;0-Ambiguous
2103;1-First Read;1-First Read
2104;1-First Read;1-First Read
2105;0-Ambiguous;0-Ambiguous
2108;2-Second Read;2-Second Read
2109;0-Ambiguous;0-Ambiguous
2110;0-Ambiguous;0-Ambiguous
2111;1-First Read;1-First Read
2145;2-Second Read;2-Second Read
2146;1-First Read;1-First Read
2147;1-First Read;1-First Read
2148;1-First Read;1-First Read
2149;1-First Read;1-First Read
2150;1-First Read;1-First Read
2151;0-Ambiguous;2-Second Read
2152;0-Ambiguous;0-Ambiguous
2153;1-First Read;2-Second Read
2154;1-First Read;2-Second Read
2156;0-Ambiguous;0-Ambiguous
2157;1-First Read;2-Second Read
2158;0-Ambiguous;0-Ambiguous
2159;1-First Read;2-Second Read
2160;1-First Read;1-First Read
2161;2-Second Read;2-Second Read
2162;2-Second Read;2-Second Read
2163;1-First Read;2-Second Read
2164;1-First Read;2-Second Read
2165;1-First Read;2-Second Read
2166;1-First Read;0-Ambiguous
2167;2-Second Read;1-First Read
2168;2-Second Read;1-First Read
2169;2-Second Read;1-First Read
2172;0-Ambiguous;0-Ambiguous
2173;2-Second Read;1-First Read
2174;2-Second Read;0-Ambiguous
2175;2-Second Read;2-Second Read
2176;1-First Read;1-First Read
2177;0-Ambiguous;0-Ambiguous
2178;0-Ambiguous;0-Ambiguous
2179;2-Second Read;2-Second Read
2180;1-First Read;1-First Read
2181;2-Second Read;1-First Read
2183;2-Second Read;1-First Read
2184;1-First Read;1-First Read
2186;2-Second Read;1-First Read
2187;1-First Read;1-First Read
2188;2-Second Read;1-First Read
2189;2-Second Read;2-Second Read
2190;2-Second Read;1-First Read
2191;1-First Read;1-First Read
2192;1-First Read;0-Ambiguous
2193;1-First Read;1-First Read
2194;0-Ambiguous;0-Ambiguous
2195;2-Second Read;1-First Read
2196;0-Ambiguous;2-Second Read
2197;0-Ambiguous;0-Ambiguous
2198;2-Second Read;2-Second Read
2201;0-Ambiguous;0-Ambiguous
2203;2-Second Read;2-Second Read
2204;2-Second Read;2-Second Read
2206;1-First Read;1-First Read
2207;2-Second Read;1-First Read
2208;1-First Read;1-First Read
2209;0-Ambiguous;0-Ambiguous
2210;1-First Read;1-First Read
2213;0-Ambiguous;0-Ambiguous
2214;2-Second Read;1-First Read
2215;2-Second Read;1-First Read
2216;1-First Read;1-First Read
2217;1-First Read;1-First Read
2218;1-First Read;1-First Read
2219;2-Second Read;1-First Read
2220;2-Second Read;0-Ambiguous
2221;0-Ambiguous;0-Ambiguous
2222;2-Second Read;1-First Read
2223;2-Second Read;1-First Read
2224;2-Second Read;0-Ambiguous
2225;0-Ambiguous;0-Ambiguous
2226;0-Ambiguous;0-Ambiguous
2227;0-Ambiguous;0-Ambiguous
2229;0-Ambiguous;0-Ambiguous
2230;1-First Read;0-Ambiguous
2231;0-Ambiguous;0-Ambiguous
2232;1-First Read;2-Second Read
2233;0-Ambiguous;0-Ambiguous
2234;0-Ambiguous;0-Ambiguous
2235;2-Second Read;2-Second Read
2236;1-First Read;1-First Read
2237;1-First Read;1-First Read
2238;0-Ambiguous;0-Ambiguous
2239;1-First Read;1-First Read
2240;2-Second Read;0-Ambiguous
2241;1-First Read;1-First Read
2242;1-First Read;1-First Read
2243;0-Ambiguous;0-Ambiguous
2244;0-Ambiguous;0-Ambiguous
2245;1-First Read;2-Second Read
2246;1-First Read;2-Second Read
2247;0-Ambiguous;0-Ambiguous
2248;1-First Read;1-First Read
2249;1-First Read;2-Second Read
2250;1-First Read;2-Second Read
2251;1-First Read;2-Second Read
2252;1-First Read;1-First Read
2253;1-First Read;2-Second Read
2254;1-First Read;1-First Read
2255;1-First Read;1-First Read
2256;2-Second Read;2-Second Read
2257;2-Second Read;2-Second Read
2258;0-Ambiguous;0-Ambiguous
2259;1-First Read;1-First Read
2260;1-First Read;1-First Read
2262;1-First Read;2-Second Read
2263;1-First Read;1-First Read
2264;1-First Read;2-Second Read
2265;1-First Read;1-First Read
2266;1-First Read;2-Second Read
2267;2-Second Read;1-First Read
2269;2-Second Read;1-First Read
2270;2-Second Read;2-Second Read
2271;2-Second Read;1-First Read
2272;0-Ambiguous;0-Ambiguous
2275;2-Second Read;1-First Read
2276;2-Second Read;2-Second Read
2278;2-Second Read;1-First Read
2279;2-Second Read;2-Second Read
2280;2-Second Read;2-Second Read
2282;2-Second Read;2-Second Read
2283;2-Second Read;2-Second Read
2284;0-Ambiguous;0-Ambiguous
2285;2-Second Read;1-First Read
2288;2-Second Read;1-First Read
2289;2-Second Read;1-First Read
2290;2-Second Read;2-Second Read
2291;2-Second Read;2-Second Read
2292;2-Second Read;2-Second Read
2293;2-Second Read;1-First Read
2294;2-Second Read;1-First Read
2295;0-Ambiguous;0-Ambiguous
2298;1-First Read;1-First Read
2299;2-Second Read;1-First Read
2300;2-Second Read;1-First Read
2301;0-Ambiguous;0-Ambiguous
2302;1-First Read;1-First Read
2303;2-Second Read;1-First Read
2304;2-Second Read;1-First Read
2305;0-Ambiguous;0-Ambiguous
2306;1-First Read;1-First Read
2308;2-Second Read;0-Ambiguous
2309;1-First Read;1-First Read
2310;2-Second Read;1-First Read
2311;2-Second Read;1-First Read
2312;1-First Read;2-Second Read
2313;0-Ambiguous;0-Ambiguous
2314;1-First Read;2-Second Read
2316;1-First Read;2-Second Read
2317;1-First Read;2-Second Read
2318;1-First Read;2-Second Read
2320;1-First Read;1-First Read
2321;1-First Read;2-Second Read
2322;1-First Read;2-Second Read
2326;1-First Read;1-First Read
2327;2-Second Read;2-Second Read
2328;1-First Read;2-Second Read
2329;2-Second Read;2-Second Read
2330;2-Second Read;2-Second Read
2331;0-Ambiguous;0-Ambiguous
2332;0-Ambiguous;0-Ambiguous
2333;1-First Read;1-First Read
2334;1-First Read;2-Second Read
2335;1-First Read;1-First Read
2336;1-First Read;1-First Read
2337;1-First Read;2-Second Read
2339;0-Ambiguous;0-Ambiguous
2340;1-First Read;2-Second Read
2341;2-Second Read;2-Second Read
2343;1-First Read;1-First Read
2344;1-First Read;1-First Read
2345;1-First Read;1-First Read
2346;1-First Read;1-First Read
2347;1-First Read;1-First Read
2348;1-First Read;1-First Read
2349;1-First Read;1-First Read
2350;1-First Read;1-First Read
2351;1-First Read;2-Second Read
2352;1-First Read;2-Second Read
2353;0-Ambiguous;0-Ambiguous
2354;0-Ambiguous;0-Ambiguous
2355;1-First Read;1-First Read
2356;1-First Read;2-Second Read
2357;1-First Read;1-First Read
2358;1-First Read;2-Second Read
2359;1-First Read;1-First Read
2360;1-First Read;1-First Read
2361;1-First Read;1-First Read
2362;2-Second Read;2-Second Read
2363;1-First Read;1-First Read
2364;1-First Read;1-First Read
2365;0-Ambiguous;0-Ambiguous
2366;2-Second Read;2-Second Read
2367;0-Ambiguous;0-Ambiguous
2368;2-Second Read;2-Second Read
2369;2-Second Read;2-Second Read
2371;2-Second Read;2-Second Read
2373;0-Ambiguous;0-Ambiguous
2374;1-First Read;2-Second Read
2375;0-Ambiguous;0-Ambiguous
2376;1-First Read;1-First Read
2377;1-First Read;1-First Read
2378;1-First Read;1-First Read
2379;1-First Read;1-First Read
2380;2-Second Read;2-Second Read
2381;1-First Read;2-Second Read
2382;1-First Read;2-Second Read
2383;1-First Read;1-First Read
2384;1-First Read;0-Ambiguous
2385;1-First Read;1-First Read
2386;2-Second Read;2-Second Read
2387;1-First Read;1-First Read
2388;1-First Read;1-First Read
2389;1-First Read;1-First Read
2390;0-Ambiguous;0-Ambiguous
2391;0-Ambiguous;0-Ambiguous
2392;1-First Read;2-Second Read
2393;1-First Read;1-First Read
2394;2-Second Read;2-Second Read
2395;1-First Read;2-Second Read
2396;2-Second Read;0-Ambiguous
2397;2-Second Read;2-Second Read
2398;1-First Read;2-Second Read
2399;2-Second Read;2-Second Read
2400;2-Second Read;2-Second Read
2401;1-First Read;2-Second Read
2402;2-Second Read;2-Second Read
2403;0-Ambiguous;0-Ambiguous
2404;1-First Read;2-Second Read
2405;1-First Read;2-Second Read
2406;1-First Read;0-Ambiguous
2407;2-Second Read;2-Second Read
2408;1-First Read;1-First Read
2409;2-Second Read;2-Second Read
2410;1-First Read;2-Second Read
2411;1-First Read;2-Second Read
2412;1-First Read;1-First Read
2413;1-First Read;1-First Read
2415;0-Ambiguous;0-Ambiguous
2416;1-First Read;1-First Read
2417;1-First Read;1-First Read
2418;1-First Read;1-First Read
2419;0-Ambiguous;0-Ambiguous
2420;1-First Read;2-Second Read
2421;1-First Read;1-First Read
2422;1-First Read;1-First Read
2423;1-First Read;1-First Read
2424;0-Ambiguous;0-Ambiguous
2425;0-Ambiguous;0-Ambiguous
2426;1-First Read;1-First Read
2427;1-First Read;1-First Read
2428;1-First Read;1-First Read
2429;0-Ambiguous;0-Ambiguous
2430;1-First Read;2-Second Read
2431;2-Second Read;1-First Read
2432;2-Second Read;2-Second Read
2433;2-Second Read;1-First Read
2434;2-Second Read;1-First Read
2435;2-Second Read;1-First Read
2436;2-Second Read;1-First Read
2438;2-Second Read;2-Second Read
2439;2-Second Read;1-First Read
2440;2-Second Read;1-First Read
2441;1-First Read;1-First Read
2442;1-First Read;1-First Read
2443;1-First Read;1-First Read
2444;1-First Read;1-First Read
2445;0-Ambiguous;0-Ambiguous
2446;1-First Read;1-First Read
2447;1-First Read;1-First Read
2448;2-Second Read;1-First Read
2449;1-First Read;1-First Read
2450;1-First Read;1-First Read
2451;0-Ambiguous;0-Ambiguous
2452;1-First Read;1-First Read
2453;2-Second Read;1-First Read
2454;1-First Read;1-First Read
2455;2-Second Read;1-First Read
2456;1-First Read;1-First Read
2457;1-First Read;1-First Read
2458;2-Second Read;1-First Read
2459;2-Second Read;1-First Read
2628;0-Ambiguous;0-Ambiguous
2629;2-Second Read;1-First Read
2630;1-First Read;1-First Read
2631;2-Second Read;1-First Read
2632;1-First Read;1-First Read
2633;1-First Read;1-First Read
2634;0-Ambiguous;0-Ambiguous
2636;0-Ambiguous;0-Ambiguous
2637;1-First Read;1-First Read
2639;1-First Read;1-First Read
2706;1-First Read;1-First Read
2707;1-First Read;1-First Read
2708;0-Ambiguous;0-Ambiguous
2709;1-First Read;1-First Read
2710;0-Ambiguous;0-Ambiguous
2712;1-First Read;0-Ambiguous
2714;1-First Read;1-First Read
2715;2-Second Read;1-First Read
2717;2-Second Read;1-First Read
2718;1-First Read;1-First Read
2719;1-First Read;1-First Read
2720;0-Ambiguous;0-Ambiguous
2721;2-Second Read;1-First Read
2723;2-Second Read;2-Second Read
2724;0-Ambiguous;0-Ambiguous
2726;2-Second Read;1-First Read
2727;1-First Read;1-First Read
2728;2-Second Read;2-Second Read
2729;1-First Read;1-First Read
2730;1-First Read;1-First Read
3000;1-First Read;1-First Read
3004;1-First Read;1-First Read
3005;0-Ambiguous;0-Ambiguous
3007;1-First Read;1-First Read
3008;1-First Read;1-First Read
3009;1-First Read;1-First Read
3010;1-First Read;1-First Read
3011;1-First Read;1-First Read
3012;1-First Read;1-First Read
3013;1-First Read;1-First Read
3014;1-First Read;1-First Read
1364;1-First Read;2-Second Read
1365;1-First Read;2-Second Read
1366;2-Second Read;1-First Read
1367;2-Second Read;1-First Read
1368;1-First Read;2-Second Read
1369;1-First Read;2-Second Read
1370;0-Ambiguous;0-Ambiguous
1371;1-First Read;2-Second Read
1372;0-Ambiguous;0-Ambiguous
1373;2-Second Read;1-First Read
1374;2-Second Read;0-Ambiguous
1375;2-Second Read;0-Ambiguous
1376;0-Ambiguous;0-Ambiguous
1377;2-Second Read;1-First Read
1378;0-Ambiguous;1-First Read
1379;1-First Read;1-First Read
1380;1-First Read;1-First Read
1381;2-Second Read;1-First Read
1382;0-Ambiguous;0-Ambiguous
1383;1-First Read;2-Second Read
1384;1-First Read;1-First Read
1385;2-Second Read;2-Second Read
1386;1-First Read;1-First Read
1387;2-Second Read;2-Second Read
1388;1-First Read;2-Second Read
1389;1-First Read;1-First Read
1390;1-First Read;1-First Read
1391;1-First Read;2-Second Read
1392;1-First Read;1-First Read
1394;1-First Read;2-Second Read
1395;1-First Read;1-First Read
1396;1-First Read;1-First Read
1397;2-Second Read;1-First Read
1398;0-Ambiguous;0-Ambiguous
1399;0-Ambiguous;0-Ambiguous
1400;1-First Read;0-Ambiguous
1401;1-First Read;2-Second Read
1402;0-Ambiguous;0-Ambiguous
1403;1-First Read;1-First Read
1405;1-First Read;2-Second Read
1406;1-First Read;1-First Read
1407;1-First Read;1-First Read
1408;1-First Read;1-First Read
1409;2-Second Read;2-Second Read
1410;0-Ambiguous;0-Ambiguous
1411;1-First Read;2-Second Read
1412;1-First Read;1-First Read
1413;1-First Read;2-Second Read
1415;1-First Read;2-Second Read
1416;2-Second Read;1-First Read
1417;2-Second Read;1-First Read
1418;0-Ambiguous;0-Ambiguous
1419;2-Second Read;1-First Read
1420;1-First Read;1-First Read
1421;2-Second Read;1-First Read
1422;2-Second Read;2-Second Read
1423;0-Ambiguous;0-Ambiguous
1425;1-First Read;2-Second Read
1426;1-First Read;2-Second Read
1427;1-First Read;2-Second Read
1428;1-First Read;1-First Read
1429;2-Second Read;1-First Read
1430;0-Ambiguous;0-Ambiguous
1431;0-Ambiguous;1-First Read
1432;0-Ambiguous;0-Ambiguous
1433;1-First Read;0-Ambiguous
1435;2-Second Read;2-Second Read
1436;1-First Read;2-Second Read
1437;1-First Read;2-Second Read
1438;1-First Read;1-First Read
1439;2-Second Read;2-Second Read
1440;1-First Read;1-First Read
1441;1-First Read;0-Ambiguous
1442;1-First Read;1-First Read
1443;1-First Read;2-Second Read
1444;1-First Read;2-Second Read
1445;1-First Read;1-First Read
1446;1-First Read;1-First Read
1447;1-First Read;1-First Read
1448;1-First Read;1-First Read
1449;1-First Read;1-First Read
1450;0-Ambiguous;0-Ambiguous
1451;1-First Read;2-Second Read
1452;0-Ambiguous;0-Ambiguous
1453;1-First Read;1-First Read
1454;1-First Read;1-First Read
1455;2-Second Read;1-First Read
1456;1-First Read;1-First Read
1457;1-First Read;1-First Read
1458;2-Second Read;1-First Read
1459;2-Second Read;1-First Read
1460;1-First Read;1-First Read
1461;1-First Read;1-First Read
1462;1-First Read;0-Ambiguous
1463;2-Second Read;1-First Read
1465;1-First Read;1-First Read
1466;1-First Read;1-First Read
1467;0-Ambiguous;1-First Read
1468;1-First Read;1-First Read
1469;1-First Read;1-First Read
1470;2-Second Read;1-First Read
1471;2-Second Read;2-Second Read
1472;1-First Read;0-Ambiguous
1473;1-First Read;0-Ambiguous
1475;1-First Read;1-First Read
1476;1-First Read;2-Second Read
1477;1-First Read;1-First Read
1478;1-First Read;1-First Read
1479;1-First Read;1-First Read
1480;1-First Read;0-Ambiguous
1481;1-First Read;1-First Read
1482;0-Ambiguous;0-Ambiguous
1483;1-First Read;2-Second Read
1485;1-First Read;0-Ambiguous
1486;2-Second Read;0-Ambiguous
1487;1-First Read;1-First Read
1488;1-First Read;0-Ambiguous
1489;1-First Read;1-First Read
1490;0-Ambiguous;0-Ambiguous
1491;2-Second Read;2-Second Read
1492;2-Second Read;1-First Read
1493;1-First Read;1-First Read
1494;2-Second Read;1-First Read
1495;2-Second Read;1-First Read
1496;1-First Read;1-First Read
1497;1-First Read;1-First Read
1498;1-First Read;2-Second Read
1499;2-Second Read;1-First Read
1500;1-First Read;1-First Read
1501;1-First Read;1-First Read
1502;1-First Read;1-First Read
1503;1-First Read;1-First Read
1504;1-First Read;1-First Read
1509;1-First Read;1-First Read
1512;1-First Read;1-First Read
1513;1-First Read;1-First Read
1514;0-Ambiguous;0-Ambiguous
1516;1-First Read;2-Second Read
1517;1-First Read;2-Second Read
1518;1-First Read;2-Second Read
1519;1-First Read;1-First Read
1520;1-First Read;0-Ambiguous
1521;1-First Read;1-First Read
1522;0-Ambiguous;0-Ambiguous
1523;1-First Read;1-First Read
1524;1-First Read;1-First Read
1525;1-First Read;2-Second Read
1526;1-First Read;0-Ambiguous
1527;1-First Read;0-Ambiguous
1537;2-Second Read;2-Second Read
1538;0-Ambiguous;1-First Read
1539;1-First Read;2-Second Read
1540;1-First Read;1-First Read
1541;2-Second Read;0-Ambiguous
1542;1-First Read;1-First Read
1543;1-First Read;2-Second Read
1545;1-First Read;2-Second Read
1546;1-First Read;2-Second Read
1547;1-First Read;1-First Read
1548;1-First Read;1-First Read
1549;2-Second Read;2-Second Read
1550;1-First Read;1-First Read
1551;1-First Read;0-Ambiguous
1552;1-First Read;1-First Read
1553;0-Ambiguous;1-First Read
1554;1-First Read;1-First Read
1556;1-First Read;1-First Read
1557;1-First Read;1-First Read
1558;1-First Read;1-First Read
1559;0-Ambiguous;1-First Read
1560;0-Ambiguous;0-Ambiguous
1561;2-Second Read;1-First Read
1562;0-Ambiguous;0-Ambiguous
1563;0-Ambiguous;1-First Read
1564;1-First Read;2-Second Read
1565;1-First Read;1-First Read
1566;1-First Read;2-Second Read
1567;1-First Read;2-Second Read
1568;2-Second Read;2-Second Read
1569;0-Ambiguous;2-Second Read
1570;1-First Read;2-Second Read
1571;1-First Read;2-Second Read
1572;2-Second Read;2-Second Read
1573;1-First Read;0-Ambiguous
1574;1-First Read;2-Second Read
1575;1-First Read;2-Second Read
1576;0-Ambiguous;0-Ambiguous
1577;2-Second Read;1-First Read
1578;0-Ambiguous;0-Ambiguous
1579;2-Second Read;1-First Read
1580;2-Second Read;1-First Read
1581;1-First Read;1-First Read
1582;1-First Read;0-Ambiguous
1583;1-First Read;0-Ambiguous
1584;0-Ambiguous;0-Ambiguous
1586;1-First Read;1-First Read
1587;2-Second Read;2-Second Read
1588;2-Second Read;1-First Read
1589;2-Second Read;2-Second Read
1590;1-First Read;1-First Read
1591;2-Second Read;2-Second Read
1592;2-Second Read;1-First Read
1593;2-Second Read;1-First Read
1594;1-First Read;0-Ambiguous
1595;1-First Read;0-Ambiguous
1596;2-Second Read;1-First Read
1597;2-Second Read;1-First Read
1598;1-First Read;1-First Read
1599;2-Second Read;2-Second Read
1600;2-Second Read;1-First Read
1601;1-First Read;1-First Read
1602;1-First Read;0-Ambiguous
1603;1-First Read;1-First Read
1604;1-First Read;1-First Read
1605;2-Second Read;1-First Read
1606;2-Second Read;0-Ambiguous
1607;2-Second Read;1-First Read
1608;1-First Read;1-First Read
1609;1-First Read;1-First Read
1610;2-Second Read;1-First Read
1611;2-Second Read;1-First Read
1612;1-First Read;1-First Read
1613;2-Second Read;1-First Read
1614;0-Ambiguous;0-Ambiguous
1615;0-Ambiguous;0-Ambiguous
1616;1-First Read;2-Second Read
1617;2-Second Read;1-First Read
1618;1-First Read;2-Second Read
1619;1-First Read;1-First Read
1620;1-First Read;0-Ambiguous
1621;1-First Read;0-Ambiguous
1622;0-Ambiguous;0-Ambiguous
1623;0-Ambiguous;0-Ambiguous
1624;1-First Read;1-First Read
1625;2-Second Read;2-Second Read
1626;1-First Read;1-First Read
1627;1-First Read;2-Second Read
1628;0-Ambiguous;0-Ambiguous
1629;1-First Read;2-Second Read
1630;1-First Read;2-Second Read
1631;1-First Read;1-First Read
1632;0-Ambiguous;0-Ambiguous
1633;1-First Read;0-Ambiguous
1634;1-First Read;2-Second Read
1635;1-First Read;2-Second Read
1636;0-Ambiguous;0-Ambiguous
1637;1-First Read;1-First Read
1638;0-Ambiguous;0-Ambiguous
1639;1-First Read;1-First Read
1640;1-First Read;1-First Read
1641;2-Second Read;2-Second Read
1642;0-Ambiguous;0-Ambiguous
1643;2-Second Read;2-Second Read
1644;2-Second Read;0-Ambiguous
1645;1-First Read;1-First Read
1646;1-First Read;1-First Read
1647;1-First Read;1-First Read
1648;1-First Read;1-First Read
1649;2-Second Read;2-Second Read
1650;1-First Read;1-First Read
1651;1-First Read;1-First Read
1652;1-First Read;1-First Read
1653;2-Second Read;2-Second Read
1654;0-Ambiguous;0-Ambiguous
1655;0-Ambiguous;0-Ambiguous
1657;1-First Read;0-Ambiguous
1658;1-First Read;0-Ambiguous
1659;1-First Read;0-Ambiguous
1660;1-First Read;0-Ambiguous
1661;1-First Read;2-Second Read
1662;1-First Read;2-Second Read
1663;1-First Read;1-First Read
1664;1-First Read;2-Second Read
1665;1-First Read;2-Second Read
1667;1-First Read;2-Second Read
1668;1-First Read;2-Second Read
1669;0-Ambiguous;0-Ambiguous
1670;1-First Read;2-Second Read
1671;1-First Read;2-Second Read
1672;1-First Read;2-Second Read
1673;1-First Read;2-Second Read
1674;1-First Read;2-Second Read
1675;1-First Read;1-First Read
1676;0-Ambiguous;0-Ambiguous
1677;1-First Read;2-Second Read
1678;0-Ambiguous;0-Ambiguous
1679;0-Ambiguous;0-Ambiguous
1680;0-Ambiguous;0-Ambiguous
1681;2-Second Read;1-First Read
1682;2-Second Read;2-Second Read
1683;0-Ambiguous;0-Ambiguous
1684;0-Ambiguous;1-First Read
1685;0-Ambiguous;0-Ambiguous
1686;1-First Read;2-Second Read
1687;2-Second Read;0-Ambiguous
1688;1-First Read;2-Second Read
1689;1-First Read;2-Second Read
1690;1-First Read;2-Second Read
1691;1-First Read;1-First Read
1692;1-First Read;2-Second Read
1693;1-First Read;2-Second Read
1694;1-First Read;0-Ambiguous
1695;0-Ambiguous;0-Ambiguous
1696;1-First Read;2-Second Read
1697;1-First Read;1-First Read
1698;0-Ambiguous;0-Ambiguous
1699;1-First Read;1-First Read
1700;1-First Read;1-First Read
1701;2-Second Read;1-First Read
1782;1-First Read;1-First Read
1783;1-First Read;2-Second Read
1785;1-First Read;2-Second Read
1786;2-Second Read;1-First Read
1787;1-First Read;2-Second Read
1788;2-Second Read;0-Ambiguous
1789;1-First Read;2-Second Read
1790;1-First Read;0-Ambiguous
1791;1-First Read;2-Second Read
1792;1-First Read;2-Second Read
1793;1-First Read;2-Second Read
1794;1-First Read;2-Second Read
1795;0-Ambiguous;0-Ambiguous
1797;0-Ambiguous;0-Ambiguous
1798;1-First Read;2-Second Read
1799;2-Second Read;1-First Read
1800;1-First Read;0-Ambiguous
1801;2-Second Read;1-First Read
1802;1-First Read;2-Second Read
218;1-First Read;1-First Read
301;1-First Read;1-First Read
322;1-First Read;1-First Read
584;1-First Read;1-First Read
602;1-First Read;1-First Read
638;1-First Read;1-First Read
640;1-First Read;1-First Read
641;1-First Read;1-First Read
731;2-Second Read;2-Second Read
796;1-First Read;1-First Read
814;1-First Read;1-First Read
830;1-First Read;1-First Read
831;1-First Read;1-First Read
833;1-First Read;1-First Read
853;1-First Read;1-First Read
854;1-First Read;1-First Read
856;1-First Read;1-First Read
861;1-First Read;1-First Read
870;1-First Read;1-First Read
883;1-First Read;1-First Read
884;1-First Read;1-First Read
893;1-First Read;1-First Read
899;1-First Read;1-First Read
913;1-First Read;1-First Read
915;1-First Read;1-First Read
916;1-First Read;1-First Read
923;1-First Read;1-First Read
931;1-First Read;1-First Read
1034;1-First Read;1-First Read
1035;1-First Read;1-First Read
1037;1-First Read;1-First Read
1044;1-First Read;1-First Read
1045;1-First Read;1-First Read
1047;1-First Read;1-First Read
1069;1-First Read;1-First Read
1075;1-First Read;1-First Read
1081;1-First Read;1-First Read
1109;1-First Read;1-First Read
1112;1-First Read;1-First Read
1115;1-First Read;1-First Read
1116;1-First Read;1-First Read
1124;1-First Read;1-First Read
1236;1-First Read;1-First Read
1268;2-Second Read;2-Second Read
1275;2-Second Read;2-Second Read
1278;2-Second Read;2-Second Read
2261;1-First Read;1-First Read
2268;1-First Read;1-First Read
2273;1-First Read;1-First Read
2277;1-First Read;1-First Read
2281;1-First Read;1-First Read
2286;1-First Read;1-First Read
2287;1-First Read;1-First Read
2296;1-First Read;1-First Read
2297;1-First Read;1-First Read
2307;1-First Read;1-First Read
2315;1-First Read;1-First Read
2323;1-First Read;1-First Read
2324;1-First Read;1-First Read
2325;1-First Read;1-First Read
2342;1-First Read;1-First Read
2370;1-First Read;1-First Read
2372;1-First Read;1-First Read
618;0-Ambiguous;0-Ambiguous
648;1-First Read;2-Second Read
650;1-First Read;0-Ambiguous
674;1-First Read;0-Ambiguous
690;1-First Read;2-Second Read
732;1-First Read;0-Ambiguous
738;0-Ambiguous;0-Ambiguous
746;0-Ambiguous;0-Ambiguous
754;2-Second Read;1-First Read
759;1-First Read;2-Second Read
765;1-First Read;2-Second Read
769;2-Second Read;1-First Read
771;1-First Read;2-Second Read
797;2-Second Read;1-First Read
798;1-First Read;2-Second Read
819;1-First Read;0-Ambiguous
1080;1-First Read;2-Second Read
1393;2-Second Read;1-First Read
1414;1-First Read;2-Second Read
1434;0-Ambiguous;0-Ambiguous
1511;1-First Read;2-Second Read
1515;2-Second Read;0-Ambiguous
1585;1-First Read;2-Second Read
1510;1-First Read;2-Second Read
1528;0-Ambiguous;2-Second Read
1529;2-Second Read;0-Ambiguous
