id;annotator1;annotator2
71;2-Verb Attachment;1-Noun Attachment
72;1-Noun Attachment;1-Noun Attachment
73;0-Ambiguous;0-Ambiguous
74;0-Ambiguous;0-Ambiguous
75;2-Verb Attachment;1-Noun Attachment
76;0-Ambiguous;0-Ambiguous
77;2-Verb Attachment;1-Noun Attachment
78;2-Verb Attachment;1-Noun Attachment
79;2-Verb Attachment;1-Noun Attachment
80;2-Verb Attachment;1-Noun Attachment
81;1-Noun Attachment;1-Noun Attachment
82;1-Noun Attachment;1-Noun Attachment
83;2-Verb Attachment;2-Verb Attachment
84;2-Verb Attachment;1-Noun Attachment
86;0-Ambiguous;0-Ambiguous
88;2-Verb Attachment;1-Noun Attachment
89;1-Noun Attachment;1-Noun Attachment
91;2-Verb Attachment;2-Verb Attachment
92;0-Ambiguous;0-Ambiguous
93;1-Noun Attachment;1-Noun Attachment
94;2-Verb Attachment;1-Noun Attachment
95;2-Verb Attachment;1-Noun Attachment
96;2-Verb Attachment;1-Noun Attachment
97;1-Noun Attachment;1-Noun Attachment
98;1-Noun Attachment;1-Noun Attachment
101;1-Noun Attachment;1-Noun Attachment
102;2-Verb Attachment;2-Verb Attachment
103;0-Ambiguous;0-Ambiguous
106;1-Noun Attachment;2-Verb Attachment
108;1-Noun Attachment;1-Noun Attachment
110;0-Ambiguous;0-Ambiguous
112;1-Noun Attachment;1-Noun Attachment
113;1-Noun Attachment;1-Noun Attachment
116;1-Noun Attachment;2-Verb Attachment
118;1-Noun Attachment;1-Noun Attachment
119;1-Noun Attachment;2-Verb Attachment
120;1-Noun Attachment;2-Verb Attachment
121;0-Ambiguous;0-Ambiguous
124;1-Noun Attachment;1-Noun Attachment
125;2-Verb Attachment;1-Noun Attachment
126;2-Verb Attachment;2-Verb Attachment
128;0-Ambiguous;0-Ambiguous
129;1-Noun Attachment;1-Noun Attachment
130;0-Ambiguous;0-Ambiguous
131;0-Ambiguous;0-Ambiguous
133;1-Noun Attachment;2-Verb Attachment
134;1-Noun Attachment;1-Noun Attachment
136;0-Ambiguous;0-Ambiguous
137;0-Ambiguous;0-Ambiguous
138;2-Verb Attachment;1-Noun Attachment
139;0-Ambiguous;0-Ambiguous
140;1-Noun Attachment;1-Noun Attachment
141;0-Ambiguous;0-Ambiguous
142;2-Verb Attachment;1-Noun Attachment
143;0-Ambiguous;0-Ambiguous
144;2-Verb Attachment;1-Noun Attachment
145;2-Verb Attachment;1-Noun Attachment
146;0-Ambiguous;0-Ambiguous
147;0-Ambiguous;0-Ambiguous
148;0-Ambiguous;0-Ambiguous
149;0-Ambiguous;0-Ambiguous
150;0-Ambiguous;0-Ambiguous
152;2-Verb Attachment;1-Noun Attachment
154;1-Noun Attachment;0-Ambiguous
157;1-Noun Attachment;1-Noun Attachment
158;0-Ambiguous;0-Ambiguous
160;1-Noun Attachment;0-Ambiguous
162;0-Ambiguous;0-Ambiguous
163;0-Ambiguous;0-Ambiguous
164;1-Noun Attachment;1-Noun Attachment
165;1-Noun Attachment;1-Noun Attachment
166;0-Ambiguous;0-Ambiguous
167;0-Ambiguous;0-Ambiguous
168;0-Ambiguous;0-Ambiguous
169;2-Verb Attachment;1-Noun Attachment
170;1-Noun Attachment;1-Noun Attachment
171;2-Verb Attachment;1-Noun Attachment
172;1-Noun Attachment;1-Noun Attachment
173;0-Ambiguous;0-Ambiguous
174;0-Ambiguous;0-Ambiguous
175;2-Verb Attachment;1-Noun Attachment
176;2-Verb Attachment;1-Noun Attachment
177;2-Verb Attachment;1-Noun Attachment
178;0-Ambiguous;0-Ambiguous
179;1-Noun Attachment;1-Noun Attachment
180;1-Noun Attachment;1-Noun Attachment
181;1-Noun Attachment;1-Noun Attachment
182;1-Noun Attachment;1-Noun Attachment
183;2-Verb Attachment;2-Verb Attachment
184;2-Verb Attachment;1-Noun Attachment
185;2-Verb Attachment;1-Noun Attachment
186;2-Verb Attachment;1-Noun Attachment
187;0-Ambiguous;0-Ambiguous
188;1-Noun Attachment;1-Noun Attachment
190;0-Ambiguous;0-Ambiguous
191;2-Verb Attachment;1-Noun Attachment
192;2-Verb Attachment;1-Noun Attachment
193;2-Verb Attachment;1-Noun Attachment
194;1-Noun Attachment;1-Noun Attachment
195;1-Noun Attachment;1-Noun Attachment
196;1-Noun Attachment;0-Ambiguous
197;1-Noun Attachment;1-Noun Attachment
198;1-Noun Attachment;1-Noun Attachment
199;1-Noun Attachment;1-Noun Attachment
200;2-Verb Attachment;1-Noun Attachment
201;1-Noun Attachment;1-Noun Attachment
202;1-Noun Attachment;1-Noun Attachment
203;2-Verb Attachment;1-Noun Attachment
204;2-Verb Attachment;2-Verb Attachment
205;1-Noun Attachment;1-Noun Attachment
207;1-Noun Attachment;1-Noun Attachment
208;1-Noun Attachment;1-Noun Attachment
209;2-Verb Attachment;1-Noun Attachment
211;2-Verb Attachment;1-Noun Attachment
213;1-Noun Attachment;1-Noun Attachment
214;2-Verb Attachment;1-Noun Attachment
215;0-Ambiguous;0-Ambiguous
216;0-Ambiguous;0-Ambiguous
217;0-Ambiguous;0-Ambiguous
218;0-Ambiguous;0-Ambiguous
219;1-Noun Attachment;1-Noun Attachment
220;1-Noun Attachment;1-Noun Attachment
221;1-Noun Attachment;1-Noun Attachment
223;1-Noun Attachment;1-Noun Attachment
224;2-Verb Attachment;1-Noun Attachment
225;1-Noun Attachment;1-Noun Attachment
226;1-Noun Attachment;1-Noun Attachment
227;1-Noun Attachment;1-Noun Attachment
228;2-Verb Attachment;1-Noun Attachment
229;1-Noun Attachment;1-Noun Attachment
230;2-Verb Attachment;1-Noun Attachment
231;1-Noun Attachment;1-Noun Attachment
232;1-Noun Attachment;1-Noun Attachment
233;2-Verb Attachment;1-Noun Attachment
234;0-Ambiguous;0-Ambiguous
235;2-Verb Attachment;1-Noun Attachment
237;0-Ambiguous;0-Ambiguous
238;0-Ambiguous;0-Ambiguous
239;2-Verb Attachment;1-Noun Attachment
240;0-Ambiguous;0-Ambiguous
241;1-Noun Attachment;1-Noun Attachment
242;0-Ambiguous;0-Ambiguous
243;2-Verb Attachment;1-Noun Attachment
244;2-Verb Attachment;1-Noun Attachment
245;2-Verb Attachment;2-Verb Attachment
246;1-Noun Attachment;1-Noun Attachment
247;1-Noun Attachment;1-Noun Attachment
248;1-Noun Attachment;1-Noun Attachment
249;1-Noun Attachment;1-Noun Attachment
250;1-Noun Attachment;1-Noun Attachment
251;1-Noun Attachment;1-Noun Attachment
253;1-Noun Attachment;1-Noun Attachment
254;1-Noun Attachment;1-Noun Attachment
255;1-Noun Attachment;1-Noun Attachment
256;1-Noun Attachment;1-Noun Attachment
257;2-Verb Attachment;1-Noun Attachment
258;2-Verb Attachment;1-Noun Attachment
259;1-Noun Attachment;1-Noun Attachment
260;1-Noun Attachment;1-Noun Attachment
261;1-Noun Attachment;1-Noun Attachment
262;2-Verb Attachment;1-Noun Attachment
265;2-Verb Attachment;1-Noun Attachment
266;0-Ambiguous;0-Ambiguous
267;1-Noun Attachment;1-Noun Attachment
269;2-Verb Attachment;1-Noun Attachment
270;0-Ambiguous;0-Ambiguous
272;2-Verb Attachment;1-Noun Attachment
273;0-Ambiguous;2-Verb Attachment
274;2-Verb Attachment;1-Noun Attachment
276;0-Ambiguous;0-Ambiguous
277;2-Verb Attachment;1-Noun Attachment
278;1-Noun Attachment;1-Noun Attachment
279;2-Verb Attachment;1-Noun Attachment
281;1-Noun Attachment;1-Noun Attachment
282;1-Noun Attachment;1-Noun Attachment
283;1-Noun Attachment;1-Noun Attachment
284;1-Noun Attachment;2-Verb Attachment
285;1-Noun Attachment;1-Noun Attachment
286;1-Noun Attachment;1-Noun Attachment
287;1-Noun Attachment;2-Verb Attachment
288;1-Noun Attachment;1-Noun Attachment
292;1-Noun Attachment;1-Noun Attachment
296;1-Noun Attachment;2-Verb Attachment
297;1-Noun Attachment;1-Noun Attachment
299;1-Noun Attachment;1-Noun Attachment
300;1-Noun Attachment;1-Noun Attachment
301;1-Noun Attachment;1-Noun Attachment
303;1-Noun Attachment;1-Noun Attachment
304;1-Noun Attachment;1-Noun Attachment
306;1-Noun Attachment;1-Noun Attachment
309;1-Noun Attachment;2-Verb Attachment
312;1-Noun Attachment;1-Noun Attachment
313;1-Noun Attachment;1-Noun Attachment
316;1-Noun Attachment;1-Noun Attachment
317;0-Ambiguous;0-Ambiguous
319;1-Noun Attachment;2-Verb Attachment
321;0-Ambiguous;0-Ambiguous
322;1-Noun Attachment;1-Noun Attachment
323;1-Noun Attachment;1-Noun Attachment
324;1-Noun Attachment;1-Noun Attachment
325;1-Noun Attachment;2-Verb Attachment
326;1-Noun Attachment;1-Noun Attachment
327;1-Noun Attachment;2-Verb Attachment
328;1-Noun Attachment;1-Noun Attachment
329;1-Noun Attachment;1-Noun Attachment
333;1-Noun Attachment;1-Noun Attachment
334;1-Noun Attachment;2-Verb Attachment
335;1-Noun Attachment;2-Verb Attachment
336;1-Noun Attachment;1-Noun Attachment
337;1-Noun Attachment;2-Verb Attachment
338;0-Ambiguous;0-Ambiguous
339;1-Noun Attachment;1-Noun Attachment
340;1-Noun Attachment;1-Noun Attachment
341;1-Noun Attachment;1-Noun Attachment
342;0-Ambiguous;0-Ambiguous
343;0-Ambiguous;0-Ambiguous
344;1-Noun Attachment;1-Noun Attachment
345;1-Noun Attachment;2-Verb Attachment
346;1-Noun Attachment;1-Noun Attachment
347;1-Noun Attachment;1-Noun Attachment
348;0-Ambiguous;0-Ambiguous
349;0-Ambiguous;0-Ambiguous
350;1-Noun Attachment;1-Noun Attachment
352;1-Noun Attachment;1-Noun Attachment
353;1-Noun Attachment;1-Noun Attachment
354;1-Noun Attachment;1-Noun Attachment
355;1-Noun Attachment;1-Noun Attachment
356;1-Noun Attachment;1-Noun Attachment
357;0-Ambiguous;0-Ambiguous
358;1-Noun Attachment;2-Verb Attachment
359;1-Noun Attachment;1-Noun Attachment
362;1-Noun Attachment;1-Noun Attachment
363;1-Noun Attachment;2-Verb Attachment
364;1-Noun Attachment;2-Verb Attachment
365;1-Noun Attachment;1-Noun Attachment
367;0-Ambiguous;0-Ambiguous
368;2-Verb Attachment;2-Verb Attachment
369;1-Noun Attachment;1-Noun Attachment
370;1-Noun Attachment;1-Noun Attachment
372;1-Noun Attachment;1-Noun Attachment
373;1-Noun Attachment;1-Noun Attachment
374;1-Noun Attachment;1-Noun Attachment
375;1-Noun Attachment;1-Noun Attachment
376;1-Noun Attachment;1-Noun Attachment
377;1-Noun Attachment;1-Noun Attachment
378;1-Noun Attachment;0-Ambiguous
379;1-Noun Attachment;1-Noun Attachment
380;1-Noun Attachment;1-Noun Attachment
381;1-Noun Attachment;1-Noun Attachment
383;1-Noun Attachment;1-Noun Attachment
388;1-Noun Attachment;1-Noun Attachment
390;1-Noun Attachment;2-Verb Attachment
391;1-Noun Attachment;1-Noun Attachment
392;1-Noun Attachment;1-Noun Attachment
393;1-Noun Attachment;1-Noun Attachment
394;1-Noun Attachment;1-Noun Attachment
395;1-Noun Attachment;1-Noun Attachment
396;1-Noun Attachment;1-Noun Attachment
397;1-Noun Attachment;1-Noun Attachment
398;1-Noun Attachment;1-Noun Attachment
399;1-Noun Attachment;1-Noun Attachment
400;1-Noun Attachment;1-Noun Attachment
401;1-Noun Attachment;1-Noun Attachment
402;1-Noun Attachment;1-Noun Attachment
403;1-Noun Attachment;1-Noun Attachment
404;1-Noun Attachment;1-Noun Attachment
405;1-Noun Attachment;1-Noun Attachment
406;1-Noun Attachment;1-Noun Attachment
407;1-Noun Attachment;2-Verb Attachment
408;1-Noun Attachment;1-Noun Attachment
409;0-Ambiguous;0-Ambiguous
410;2-Verb Attachment;2-Verb Attachment
411;0-Ambiguous;0-Ambiguous
412;1-Noun Attachment;1-Noun Attachment
413;1-Noun Attachment;1-Noun Attachment
414;1-Noun Attachment;1-Noun Attachment
415;1-Noun Attachment;1-Noun Attachment
416;1-Noun Attachment;1-Noun Attachment
417;1-Noun Attachment;1-Noun Attachment
418;1-Noun Attachment;1-Noun Attachment
419;1-Noun Attachment;2-Verb Attachment
420;1-Noun Attachment;2-Verb Attachment
421;1-Noun Attachment;1-Noun Attachment
422;2-Verb Attachment;2-Verb Attachment
423;1-Noun Attachment;2-Verb Attachment
424;1-Noun Attachment;1-Noun Attachment
425;1-Noun Attachment;2-Verb Attachment
426;1-Noun Attachment;1-Noun Attachment
427;1-Noun Attachment;1-Noun Attachment
428;1-Noun Attachment;1-Noun Attachment
429;0-Ambiguous;0-Ambiguous
430;0-Ambiguous;0-Ambiguous
431;1-Noun Attachment;1-Noun Attachment
432;1-Noun Attachment;1-Noun Attachment
433;1-Noun Attachment;1-Noun Attachment
434;1-Noun Attachment;1-Noun Attachment
435;1-Noun Attachment;1-Noun Attachment
436;1-Noun Attachment;2-Verb Attachment
437;1-Noun Attachment;1-Noun Attachment
438;1-Noun Attachment;1-Noun Attachment
439;1-Noun Attachment;1-Noun Attachment
440;1-Noun Attachment;1-Noun Attachment
441;1-Noun Attachment;1-Noun Attachment
442;1-Noun Attachment;1-Noun Attachment
443;1-Noun Attachment;1-Noun Attachment
444;1-Noun Attachment;1-Noun Attachment
445;1-Noun Attachment;1-Noun Attachment
446;1-Noun Attachment;1-Noun Attachment
447;1-Noun Attachment;1-Noun Attachment
448;1-Noun Attachment;1-Noun Attachment
449;1-Noun Attachment;2-Verb Attachment
450;1-Noun Attachment;2-Verb Attachment
451;1-Noun Attachment;1-Noun Attachment
452;1-Noun Attachment;1-Noun Attachment
453;0-Ambiguous;0-Ambiguous
454;1-Noun Attachment;0-Ambiguous
456;1-Noun Attachment;2-Verb Attachment
482;1-Noun Attachment;1-Noun Attachment
483;2-Verb Attachment;1-Noun Attachment
484;0-Ambiguous;0-Ambiguous
486;1-Noun Attachment;1-Noun Attachment
488;0-Ambiguous;0-Ambiguous
489;0-Ambiguous;0-Ambiguous
490;0-Ambiguous;0-Ambiguous
492;1-Noun Attachment;1-Noun Attachment
494;2-Verb Attachment;1-Noun Attachment
495;2-Verb Attachment;1-Noun Attachment
496;2-Verb Attachment;1-Noun Attachment
497;0-Ambiguous;0-Ambiguous
498;0-Ambiguous;0-Ambiguous
499;2-Verb Attachment;1-Noun Attachment
500;0-Ambiguous;0-Ambiguous
501;1-Noun Attachment;1-Noun Attachment
502;2-Verb Attachment;1-Noun Attachment
503;1-Noun Attachment;1-Noun Attachment
504;2-Verb Attachment;1-Noun Attachment
506;2-Verb Attachment;1-Noun Attachment
509;0-Ambiguous;0-Ambiguous
510;0-Ambiguous;0-Ambiguous
511;0-Ambiguous;0-Ambiguous
513;2-Verb Attachment;1-Noun Attachment
515;1-Noun Attachment;1-Noun Attachment
517;1-Noun Attachment;1-Noun Attachment
518;0-Ambiguous;0-Ambiguous
520;0-Ambiguous;0-Ambiguous
521;2-Verb Attachment;1-Noun Attachment
524;1-Noun Attachment;1-Noun Attachment
525;2-Verb Attachment;2-Verb Attachment
526;2-Verb Attachment;1-Noun Attachment
528;2-Verb Attachment;1-Noun Attachment
531;1-Noun Attachment;1-Noun Attachment
533;1-Noun Attachment;1-Noun Attachment
534;2-Verb Attachment;1-Noun Attachment
536;2-Verb Attachment;1-Noun Attachment
538;0-Ambiguous;0-Ambiguous
539;1-Noun Attachment;1-Noun Attachment
540;0-Ambiguous;0-Ambiguous
541;2-Verb Attachment;1-Noun Attachment
542;1-Noun Attachment;1-Noun Attachment
543;1-Noun Attachment;1-Noun Attachment
545;1-Noun Attachment;1-Noun Attachment
546;1-Noun Attachment;1-Noun Attachment
547;1-Noun Attachment;1-Noun Attachment
548;0-Ambiguous;0-Ambiguous
549;2-Verb Attachment;1-Noun Attachment
550;2-Verb Attachment;1-Noun Attachment
551;2-Verb Attachment;1-Noun Attachment
554;2-Verb Attachment;1-Noun Attachment
561;2-Verb Attachment;2-Verb Attachment
562;2-Verb Attachment;1-Noun Attachment
563;2-Verb Attachment;2-Verb Attachment
564;1-Noun Attachment;1-Noun Attachment
568;1-Noun Attachment;1-Noun Attachment
570;1-Noun Attachment;1-Noun Attachment
571;0-Ambiguous;0-Ambiguous
573;2-Verb Attachment;1-Noun Attachment
574;2-Verb Attachment;1-Noun Attachment
576;1-Noun Attachment;1-Noun Attachment
579;1-Noun Attachment;1-Noun Attachment
581;2-Verb Attachment;1-Noun Attachment
584;2-Verb Attachment;1-Noun Attachment
586;2-Verb Attachment;1-Noun Attachment
588;1-Noun Attachment;1-Noun Attachment
592;1-Noun Attachment;1-Noun Attachment
595;1-Noun Attachment;1-Noun Attachment
596;1-Noun Attachment;1-Noun Attachment
597;2-Verb Attachment;2-Verb Attachment
598;1-Noun Attachment;1-Noun Attachment
601;1-Noun Attachment;1-Noun Attachment
603;0-Ambiguous;0-Ambiguous
604;2-Verb Attachment;1-Noun Attachment
609;1-Noun Attachment;1-Noun Attachment
612;1-Noun Attachment;1-Noun Attachment
614;1-Noun Attachment;1-Noun Attachment
620;1-Noun Attachment;1-Noun Attachment
621;1-Noun Attachment;1-Noun Attachment
624;1-Noun Attachment;1-Noun Attachment
627;0-Ambiguous;0-Ambiguous
628;1-Noun Attachment;1-Noun Attachment
629;1-Noun Attachment;2-Verb Attachment
630;1-Noun Attachment;2-Verb Attachment
631;1-Noun Attachment;2-Verb Attachment
632;1-Noun Attachment;2-Verb Attachment
634;1-Noun Attachment;2-Verb Attachment
635;1-Noun Attachment;2-Verb Attachment
636;1-Noun Attachment;2-Verb Attachment
637;1-Noun Attachment;2-Verb Attachment
638;1-Noun Attachment;1-Noun Attachment
651;0-Ambiguous;0-Ambiguous
652;1-Noun Attachment;2-Verb Attachment
653;0-Ambiguous;0-Ambiguous
654;0-Ambiguous;0-Ambiguous
655;1-Noun Attachment;2-Verb Attachment
656;1-Noun Attachment;2-Verb Attachment
657;0-Ambiguous;0-Ambiguous
658;0-Ambiguous;0-Ambiguous
659;0-Ambiguous;0-Ambiguous
660;0-Ambiguous;0-Ambiguous
661;1-Noun Attachment;2-Verb Attachment
662;0-Ambiguous;0-Ambiguous
663;0-Ambiguous;0-Ambiguous
664;0-Ambiguous;0-Ambiguous
665;0-Ambiguous;0-Ambiguous
689;0-Ambiguous;0-Ambiguous
690;2-Verb Attachment;2-Verb Attachment
691;1-Noun Attachment;1-Noun Attachment
692;2-Verb Attachment;1-Noun Attachment
693;2-Verb Attachment;1-Noun Attachment
694;1-Noun Attachment;1-Noun Attachment
695;1-Noun Attachment;1-Noun Attachment
696;1-Noun Attachment;1-Noun Attachment
697;1-Noun Attachment;1-Noun Attachment
698;1-Noun Attachment;1-Noun Attachment
699;2-Verb Attachment;1-Noun Attachment
702;1-Noun Attachment;1-Noun Attachment
704;0-Ambiguous;0-Ambiguous
705;1-Noun Attachment;1-Noun Attachment
706;1-Noun Attachment;0-Ambiguous
707;0-Ambiguous;0-Ambiguous
708;2-Verb Attachment;1-Noun Attachment
709;0-Ambiguous;0-Ambiguous
710;1-Noun Attachment;0-Ambiguous
711;2-Verb Attachment;1-Noun Attachment
713;2-Verb Attachment;1-Noun Attachment
715;2-Verb Attachment;1-Noun Attachment
716;2-Verb Attachment;1-Noun Attachment
717;1-Noun Attachment;1-Noun Attachment
718;0-Ambiguous;0-Ambiguous
721;2-Verb Attachment;1-Noun Attachment
722;2-Verb Attachment;1-Noun Attachment
723;1-Noun Attachment;1-Noun Attachment
724;2-Verb Attachment;1-Noun Attachment
725;1-Noun Attachment;1-Noun Attachment
730;2-Verb Attachment;1-Noun Attachment
731;2-Verb Attachment;1-Noun Attachment
732;2-Verb Attachment;1-Noun Attachment
733;1-Noun Attachment;1-Noun Attachment
734;2-Verb Attachment;1-Noun Attachment
735;2-Verb Attachment;1-Noun Attachment
736;2-Verb Attachment;1-Noun Attachment
737;2-Verb Attachment;1-Noun Attachment
739;1-Noun Attachment;1-Noun Attachment
740;1-Noun Attachment;0-Ambiguous
742;1-Noun Attachment;1-Noun Attachment
743;2-Verb Attachment;1-Noun Attachment
744;1-Noun Attachment;1-Noun Attachment
745;2-Verb Attachment;1-Noun Attachment
746;1-Noun Attachment;1-Noun Attachment
747;2-Verb Attachment;1-Noun Attachment
748;1-Noun Attachment;1-Noun Attachment
749;2-Verb Attachment;1-Noun Attachment
750;2-Verb Attachment;1-Noun Attachment
751;2-Verb Attachment;1-Noun Attachment
752;2-Verb Attachment;1-Noun Attachment
753;1-Noun Attachment;1-Noun Attachment
754;0-Ambiguous;0-Ambiguous
755;2-Verb Attachment;1-Noun Attachment
756;1-Noun Attachment;1-Noun Attachment
757;1-Noun Attachment;2-Verb Attachment
758;1-Noun Attachment;1-Noun Attachment
759;1-Noun Attachment;1-Noun Attachment
760;2-Verb Attachment;2-Verb Attachment
761;1-Noun Attachment;2-Verb Attachment
763;0-Ambiguous;0-Ambiguous
764;1-Noun Attachment;1-Noun Attachment
765;1-Noun Attachment;1-Noun Attachment
766;1-Noun Attachment;1-Noun Attachment
767;0-Ambiguous;2-Verb Attachment
768;2-Verb Attachment;2-Verb Attachment
769;1-Noun Attachment;2-Verb Attachment
771;1-Noun Attachment;1-Noun Attachment
772;1-Noun Attachment;1-Noun Attachment
773;1-Noun Attachment;1-Noun Attachment
774;1-Noun Attachment;1-Noun Attachment
775;1-Noun Attachment;1-Noun Attachment
776;1-Noun Attachment;2-Verb Attachment
777;1-Noun Attachment;1-Noun Attachment
778;1-Noun Attachment;1-Noun Attachment
779;1-Noun Attachment;1-Noun Attachment
780;1-Noun Attachment;1-Noun Attachment
781;1-Noun Attachment;2-Verb Attachment
782;2-Verb Attachment;0-Ambiguous
784;1-Noun Attachment;2-Verb Attachment
785;0-Ambiguous;2-Verb Attachment
786;1-Noun Attachment;2-Verb Attachment
787;1-Noun Attachment;1-Noun Attachment
788;1-Noun Attachment;0-Ambiguous
789;1-Noun Attachment;2-Verb Attachment
790;1-Noun Attachment;2-Verb Attachment
792;0-Ambiguous;0-Ambiguous
793;1-Noun Attachment;1-Noun Attachment
794;1-Noun Attachment;2-Verb Attachment
795;1-Noun Attachment;1-Noun Attachment
796;1-Noun Attachment;1-Noun Attachment
797;1-Noun Attachment;2-Verb Attachment
798;2-Verb Attachment;1-Noun Attachment
799;1-Noun Attachment;1-Noun Attachment
800;1-Noun Attachment;1-Noun Attachment
801;2-Verb Attachment;1-Noun Attachment
802;1-Noun Attachment;1-Noun Attachment
803;0-Ambiguous;2-Verb Attachment
804;1-Noun Attachment;1-Noun Attachment
805;1-Noun Attachment;1-Noun Attachment
806;1-Noun Attachment;1-Noun Attachment
807;1-Noun Attachment;1-Noun Attachment
808;2-Verb Attachment;1-Noun Attachment
809;2-Verb Attachment;2-Verb Attachment
810;2-Verb Attachment;1-Noun Attachment
811;2-Verb Attachment;1-Noun Attachment
812;2-Verb Attachment;1-Noun Attachment
813;1-Noun Attachment;1-Noun Attachment
814;1-Noun Attachment;1-Noun Attachment
816;1-Noun Attachment;1-Noun Attachment
817;1-Noun Attachment;1-Noun Attachment
818;1-Noun Attachment;1-Noun Attachment
819;1-Noun Attachment;1-Noun Attachment
820;2-Verb Attachment;1-Noun Attachment
821;1-Noun Attachment;1-Noun Attachment
822;1-Noun Attachment;1-Noun Attachment
823;2-Verb Attachment;1-Noun Attachment
824;2-Verb Attachment;1-Noun Attachment
825;2-Verb Attachment;1-Noun Attachment
826;1-Noun Attachment;1-Noun Attachment
827;2-Verb Attachment;1-Noun Attachment
828;2-Verb Attachment;1-Noun Attachment
830;2-Verb Attachment;1-Noun Attachment
831;0-Ambiguous;1-Noun Attachment
832;2-Verb Attachment;1-Noun Attachment
834;1-Noun Attachment;1-Noun Attachment
835;2-Verb Attachment;1-Noun Attachment
837;2-Verb Attachment;1-Noun Attachment
839;2-Verb Attachment;1-Noun Attachment
840;2-Verb Attachment;2-Verb Attachment
841;2-Verb Attachment;2-Verb Attachment
842;2-Verb Attachment;1-Noun Attachment
843;0-Ambiguous;0-Ambiguous
844;2-Verb Attachment;0-Ambiguous
846;1-Noun Attachment;0-Ambiguous
847;0-Ambiguous;2-Verb Attachment
848;1-Noun Attachment;1-Noun Attachment
849;2-Verb Attachment;1-Noun Attachment
852;2-Verb Attachment;1-Noun Attachment
853;2-Verb Attachment;1-Noun Attachment
859;2-Verb Attachment;2-Verb Attachment
866;2-Verb Attachment;2-Verb Attachment
867;2-Verb Attachment;1-Noun Attachment
871;2-Verb Attachment;1-Noun Attachment
872;1-Noun Attachment;1-Noun Attachment
873;0-Ambiguous;0-Ambiguous
874;1-Noun Attachment;0-Ambiguous
875;1-Noun Attachment;1-Noun Attachment
880;2-Verb Attachment;1-Noun Attachment
882;2-Verb Attachment;1-Noun Attachment
883;2-Verb Attachment;2-Verb Attachment
884;1-Noun Attachment;0-Ambiguous
885;1-Noun Attachment;1-Noun Attachment
887;1-Noun Attachment;1-Noun Attachment
890;2-Verb Attachment;1-Noun Attachment
893;2-Verb Attachment;1-Noun Attachment
894;1-Noun Attachment;1-Noun Attachment
895;2-Verb Attachment;1-Noun Attachment
900;2-Verb Attachment;1-Noun Attachment
902;1-Noun Attachment;1-Noun Attachment
904;1-Noun Attachment;0-Ambiguous
912;2-Verb Attachment;2-Verb Attachment
915;1-Noun Attachment;1-Noun Attachment
916;2-Verb Attachment;1-Noun Attachment
917;2-Verb Attachment;1-Noun Attachment
918;1-Noun Attachment;1-Noun Attachment
919;1-Noun Attachment;1-Noun Attachment
920;2-Verb Attachment;1-Noun Attachment
922;1-Noun Attachment;1-Noun Attachment
923;2-Verb Attachment;2-Verb Attachment
925;2-Verb Attachment;1-Noun Attachment
928;2-Verb Attachment;1-Noun Attachment
929;2-Verb Attachment;1-Noun Attachment
932;2-Verb Attachment;1-Noun Attachment
933;2-Verb Attachment;2-Verb Attachment
934;2-Verb Attachment;2-Verb Attachment
935;2-Verb Attachment;2-Verb Attachment
936;2-Verb Attachment;1-Noun Attachment
939;1-Noun Attachment;2-Verb Attachment
940;1-Noun Attachment;2-Verb Attachment
941;0-Ambiguous;0-Ambiguous
942;1-Noun Attachment;2-Verb Attachment
944;1-Noun Attachment;2-Verb Attachment
946;1-Noun Attachment;2-Verb Attachment
947;2-Verb Attachment;2-Verb Attachment
948;0-Ambiguous;0-Ambiguous
950;1-Noun Attachment;2-Verb Attachment
951;2-Verb Attachment;2-Verb Attachment
952;1-Noun Attachment;2-Verb Attachment
953;1-Noun Attachment;2-Verb Attachment
955;1-Noun Attachment;2-Verb Attachment
956;2-Verb Attachment;0-Ambiguous
959;1-Noun Attachment;2-Verb Attachment
960;1-Noun Attachment;2-Verb Attachment
961;0-Ambiguous;0-Ambiguous
962;1-Noun Attachment;1-Noun Attachment
963;0-Ambiguous;0-Ambiguous
964;2-Verb Attachment;2-Verb Attachment
965;1-Noun Attachment;1-Noun Attachment
967;1-Noun Attachment;2-Verb Attachment
968;2-Verb Attachment;2-Verb Attachment
969;2-Verb Attachment;2-Verb Attachment
970;1-Noun Attachment;1-Noun Attachment
971;2-Verb Attachment;2-Verb Attachment
972;1-Noun Attachment;2-Verb Attachment
973;0-Ambiguous;0-Ambiguous
974;1-Noun Attachment;1-Noun Attachment
976;2-Verb Attachment;2-Verb Attachment
977;1-Noun Attachment;2-Verb Attachment
978;1-Noun Attachment;2-Verb Attachment
979;2-Verb Attachment;2-Verb Attachment
980;2-Verb Attachment;2-Verb Attachment
981;2-Verb Attachment;2-Verb Attachment
982;2-Verb Attachment;2-Verb Attachment
983;2-Verb Attachment;2-Verb Attachment
984;2-Verb Attachment;2-Verb Attachment
985;0-Ambiguous;0-Ambiguous
987;1-Noun Attachment;1-Noun Attachment
1099;0-Ambiguous;0-Ambiguous
1101;0-Ambiguous;2-Verb Attachment
1111;2-Verb Attachment;1-Noun Attachment
1121;0-Ambiguous;0-Ambiguous
1132;0-Ambiguous;0-Ambiguous
1154;1-Noun Attachment;1-Noun Attachment
1155;1-Noun Attachment;2-Verb Attachment
1156;0-Ambiguous;0-Ambiguous
1157;1-Noun Attachment;2-Verb Attachment
1158;1-Noun Attachment;0-Ambiguous
1159;0-Ambiguous;0-Ambiguous
1160;2-Verb Attachment;2-Verb Attachment
1161;1-Noun Attachment;2-Verb Attachment
1162;1-Noun Attachment;2-Verb Attachment
1163;1-Noun Attachment;2-Verb Attachment
1167;1-Noun Attachment;2-Verb Attachment
1169;0-Ambiguous;0-Ambiguous
1181;0-Ambiguous;0-Ambiguous
1191;1-Noun Attachment;2-Verb Attachment
1252;0-Ambiguous;0-Ambiguous
1262;0-Ambiguous;0-Ambiguous
1272;1-Noun Attachment;2-Verb Attachment
1282;0-Ambiguous;0-Ambiguous
1313;1-Noun Attachment;2-Verb Attachment
1314;1-Noun Attachment;2-Verb Attachment
1315;1-Noun Attachment;2-Verb Attachment
1316;1-Noun Attachment;2-Verb Attachment
1317;1-Noun Attachment;2-Verb Attachment
1318;0-Ambiguous;0-Ambiguous
1319;1-Noun Attachment;1-Noun Attachment
1320;1-Noun Attachment;2-Verb Attachment
1321;1-Noun Attachment;1-Noun Attachment
1324;1-Noun Attachment;1-Noun Attachment
1325;1-Noun Attachment;2-Verb Attachment
1326;1-Noun Attachment;1-Noun Attachment
1327;1-Noun Attachment;1-Noun Attachment
1328;1-Noun Attachment;1-Noun Attachment
1329;1-Noun Attachment;2-Verb Attachment
1331;0-Ambiguous;0-Ambiguous
1341;0-Ambiguous;0-Ambiguous
1342;1-Noun Attachment;2-Verb Attachment
1344;1-Noun Attachment;2-Verb Attachment
1345;1-Noun Attachment;2-Verb Attachment
1346;1-Noun Attachment;2-Verb Attachment
1347;1-Noun Attachment;2-Verb Attachment
1349;2-Verb Attachment;2-Verb Attachment
1350;0-Ambiguous;0-Ambiguous
1351;1-Noun Attachment;2-Verb Attachment
1352;1-Noun Attachment;2-Verb Attachment
1354;0-Ambiguous;0-Ambiguous
1355;0-Ambiguous;0-Ambiguous
1356;1-Noun Attachment;2-Verb Attachment
1357;1-Noun Attachment;2-Verb Attachment
1358;1-Noun Attachment;2-Verb Attachment
1359;0-Ambiguous;0-Ambiguous
1360;0-Ambiguous;0-Ambiguous
1361;0-Ambiguous;0-Ambiguous
1362;1-Noun Attachment;2-Verb Attachment
1363;0-Ambiguous;0-Ambiguous
1364;1-Noun Attachment;1-Noun Attachment
1365;0-Ambiguous;0-Ambiguous
1366;2-Verb Attachment;2-Verb Attachment
1367;0-Ambiguous;0-Ambiguous
1368;0-Ambiguous;0-Ambiguous
1370;1-Noun Attachment;2-Verb Attachment
1371;1-Noun Attachment;2-Verb Attachment
1372;2-Verb Attachment;1-Noun Attachment
1374;2-Verb Attachment;2-Verb Attachment
1375;2-Verb Attachment;1-Noun Attachment
1376;1-Noun Attachment;1-Noun Attachment
1377;2-Verb Attachment;2-Verb Attachment
1378;2-Verb Attachment;1-Noun Attachment
1379;0-Ambiguous;0-Ambiguous
1380;0-Ambiguous;0-Ambiguous
1381;1-Noun Attachment;2-Verb Attachment
1382;0-Ambiguous;0-Ambiguous
1384;0-Ambiguous;0-Ambiguous
1385;0-Ambiguous;0-Ambiguous
1386;0-Ambiguous;0-Ambiguous
1392;1-Noun Attachment;2-Verb Attachment
1393;0-Ambiguous;0-Ambiguous
1396;0-Ambiguous;0-Ambiguous
1398;0-Ambiguous;0-Ambiguous
1399;0-Ambiguous;0-Ambiguous
1400;0-Ambiguous;0-Ambiguous
1401;0-Ambiguous;0-Ambiguous
1405;1-Noun Attachment;2-Verb Attachment
1406;0-Ambiguous;0-Ambiguous
1407;1-Noun Attachment;2-Verb Attachment
1408;1-Noun Attachment;2-Verb Attachment
1409;1-Noun Attachment;1-Noun Attachment
1410;1-Noun Attachment;2-Verb Attachment
1411;1-Noun Attachment;2-Verb Attachment
1412;1-Noun Attachment;2-Verb Attachment
1413;0-Ambiguous;0-Ambiguous
1415;1-Noun Attachment;1-Noun Attachment
1416;1-Noun Attachment;1-Noun Attachment
1417;0-Ambiguous;0-Ambiguous
1418;1-Noun Attachment;2-Verb Attachment
1419;0-Ambiguous;0-Ambiguous
1420;0-Ambiguous;0-Ambiguous
1421;1-Noun Attachment;1-Noun Attachment
1423;2-Verb Attachment;2-Verb Attachment
1425;1-Noun Attachment;1-Noun Attachment
1426;1-Noun Attachment;2-Verb Attachment
1427;1-Noun Attachment;1-Noun Attachment
1428;0-Ambiguous;0-Ambiguous
1430;1-Noun Attachment;1-Noun Attachment
1431;1-Noun Attachment;1-Noun Attachment
1432;1-Noun Attachment;1-Noun Attachment
1433;1-Noun Attachment;1-Noun Attachment
1434;0-Ambiguous;0-Ambiguous
1435;1-Noun Attachment;2-Verb Attachment
1436;1-Noun Attachment;2-Verb Attachment
1437;1-Noun Attachment;2-Verb Attachment
1438;0-Ambiguous;0-Ambiguous
1439;1-Noun Attachment;2-Verb Attachment
1440;1-Noun Attachment;1-Noun Attachment
1442;1-Noun Attachment;2-Verb Attachment
1443;2-Verb Attachment;1-Noun Attachment
1445;1-Noun Attachment;1-Noun Attachment
1446;2-Verb Attachment;2-Verb Attachment
1447;1-Noun Attachment;1-Noun Attachment
1448;1-Noun Attachment;1-Noun Attachment
1449;1-Noun Attachment;1-Noun Attachment
1450;1-Noun Attachment;1-Noun Attachment
1451;2-Verb Attachment;2-Verb Attachment
1452;1-Noun Attachment;1-Noun Attachment
1453;1-Noun Attachment;1-Noun Attachment
1455;1-Noun Attachment;1-Noun Attachment
1456;1-Noun Attachment;1-Noun Attachment
1457;2-Verb Attachment;2-Verb Attachment
1458;1-Noun Attachment;1-Noun Attachment
1459;1-Noun Attachment;1-Noun Attachment
1460;2-Verb Attachment;1-Noun Attachment
1461;1-Noun Attachment;1-Noun Attachment
1463;2-Verb Attachment;2-Verb Attachment
1464;0-Ambiguous;0-Ambiguous
1465;1-Noun Attachment;1-Noun Attachment
1466;1-Noun Attachment;1-Noun Attachment
1467;1-Noun Attachment;1-Noun Attachment
1468;1-Noun Attachment;1-Noun Attachment
1469;1-Noun Attachment;1-Noun Attachment
1470;0-Ambiguous;0-Ambiguous
1471;1-Noun Attachment;1-Noun Attachment
1472;2-Verb Attachment;1-Noun Attachment
1473;1-Noun Attachment;1-Noun Attachment
1475;1-Noun Attachment;1-Noun Attachment
1476;1-Noun Attachment;1-Noun Attachment
1477;1-Noun Attachment;1-Noun Attachment
1478;1-Noun Attachment;1-Noun Attachment
1479;0-Ambiguous;0-Ambiguous
1480;2-Verb Attachment;1-Noun Attachment
1481;1-Noun Attachment;1-Noun Attachment
1482;2-Verb Attachment;1-Noun Attachment
1483;0-Ambiguous;0-Ambiguous
1485;1-Noun Attachment;1-Noun Attachment
1486;1-Noun Attachment;1-Noun Attachment
1487;0-Ambiguous;0-Ambiguous
1488;1-Noun Attachment;1-Noun Attachment
1489;1-Noun Attachment;1-Noun Attachment
1490;1-Noun Attachment;1-Noun Attachment
1491;1-Noun Attachment;1-Noun Attachment
1492;1-Noun Attachment;1-Noun Attachment
1493;1-Noun Attachment;1-Noun Attachment
1495;1-Noun Attachment;1-Noun Attachment
1496;2-Verb Attachment;1-Noun Attachment
1497;1-Noun Attachment;1-Noun Attachment
1498;2-Verb Attachment;1-Noun Attachment
1499;1-Noun Attachment;1-Noun Attachment
1500;1-Noun Attachment;1-Noun Attachment
1501;1-Noun Attachment;1-Noun Attachment
1502;2-Verb Attachment;1-Noun Attachment
1503;1-Noun Attachment;1-Noun Attachment
1504;1-Noun Attachment;1-Noun Attachment
1506;1-Noun Attachment;1-Noun Attachment
1507;1-Noun Attachment;1-Noun Attachment
1508;2-Verb Attachment;2-Verb Attachment
1509;2-Verb Attachment;1-Noun Attachment
1510;1-Noun Attachment;1-Noun Attachment
1511;1-Noun Attachment;1-Noun Attachment
1512;1-Noun Attachment;1-Noun Attachment
1514;0-Ambiguous;0-Ambiguous
1516;1-Noun Attachment;1-Noun Attachment
1518;0-Ambiguous;0-Ambiguous
1519;1-Noun Attachment;1-Noun Attachment
1520;2-Verb Attachment;1-Noun Attachment
1521;2-Verb Attachment;1-Noun Attachment
1522;2-Verb Attachment;1-Noun Attachment
1523;1-Noun Attachment;1-Noun Attachment
1524;2-Verb Attachment;1-Noun Attachment
1526;0-Ambiguous;0-Ambiguous
1527;2-Verb Attachment;1-Noun Attachment
1528;1-Noun Attachment;1-Noun Attachment
1529;1-Noun Attachment;1-Noun Attachment
1530;1-Noun Attachment;1-Noun Attachment
1531;1-Noun Attachment;1-Noun Attachment
1532;2-Verb Attachment;1-Noun Attachment
1534;0-Ambiguous;0-Ambiguous
1536;1-Noun Attachment;1-Noun Attachment
1537;0-Ambiguous;0-Ambiguous
1538;1-Noun Attachment;1-Noun Attachment
1539;1-Noun Attachment;1-Noun Attachment
1540;1-Noun Attachment;1-Noun Attachment
1541;2-Verb Attachment;1-Noun Attachment
1542;2-Verb Attachment;1-Noun Attachment
1543;1-Noun Attachment;1-Noun Attachment
1544;1-Noun Attachment;1-Noun Attachment
1547;2-Verb Attachment;1-Noun Attachment
1548;2-Verb Attachment;1-Noun Attachment
1549;2-Verb Attachment;1-Noun Attachment
1550;1-Noun Attachment;1-Noun Attachment
1552;2-Verb Attachment;1-Noun Attachment
1553;1-Noun Attachment;1-Noun Attachment
1554;2-Verb Attachment;1-Noun Attachment
1556;2-Verb Attachment;1-Noun Attachment
1558;0-Ambiguous;0-Ambiguous
1559;0-Ambiguous;0-Ambiguous
1560;0-Ambiguous;0-Ambiguous
1565;2-Verb Attachment;1-Noun Attachment
1568;2-Verb Attachment;1-Noun Attachment
1569;2-Verb Attachment;2-Verb Attachment
1570;2-Verb Attachment;2-Verb Attachment
1572;0-Ambiguous;0-Ambiguous
1573;1-Noun Attachment;2-Verb Attachment
1574;1-Noun Attachment;1-Noun Attachment
1585;1-Noun Attachment;2-Verb Attachment
1595;0-Ambiguous;0-Ambiguous
1614;2-Verb Attachment;0-Ambiguous
1616;1-Noun Attachment;2-Verb Attachment
1620;2-Verb Attachment;2-Verb Attachment
1621;2-Verb Attachment;2-Verb Attachment
1622;1-Noun Attachment;2-Verb Attachment
1623;2-Verb Attachment;2-Verb Attachment
1625;1-Noun Attachment;2-Verb Attachment
1627;1-Noun Attachment;1-Noun Attachment
1628;1-Noun Attachment;2-Verb Attachment
1629;1-Noun Attachment;2-Verb Attachment
1633;1-Noun Attachment;2-Verb Attachment
1634;2-Verb Attachment;2-Verb Attachment
1635;2-Verb Attachment;2-Verb Attachment
1637;1-Noun Attachment;1-Noun Attachment
1638;2-Verb Attachment;2-Verb Attachment
1639;2-Verb Attachment;1-Noun Attachment
1640;1-Noun Attachment;2-Verb Attachment
1641;1-Noun Attachment;1-Noun Attachment
1642;1-Noun Attachment;1-Noun Attachment
1643;1-Noun Attachment;1-Noun Attachment
1644;2-Verb Attachment;2-Verb Attachment
1645;2-Verb Attachment;2-Verb Attachment
1647;2-Verb Attachment;2-Verb Attachment
1648;1-Noun Attachment;2-Verb Attachment
1653;1-Noun Attachment;1-Noun Attachment
1654;1-Noun Attachment;2-Verb Attachment
1655;0-Ambiguous;0-Ambiguous
1657;2-Verb Attachment;1-Noun Attachment
1659;2-Verb Attachment;1-Noun Attachment
1660;2-Verb Attachment;1-Noun Attachment
1662;2-Verb Attachment;1-Noun Attachment
1663;2-Verb Attachment;2-Verb Attachment
1665;0-Ambiguous;0-Ambiguous
1668;1-Noun Attachment;1-Noun Attachment
1669;2-Verb Attachment;1-Noun Attachment
1670;2-Verb Attachment;1-Noun Attachment
1671;2-Verb Attachment;1-Noun Attachment
1672;1-Noun Attachment;1-Noun Attachment
1673;2-Verb Attachment;2-Verb Attachment
1674;2-Verb Attachment;2-Verb Attachment
1678;2-Verb Attachment;1-Noun Attachment
1679;1-Noun Attachment;1-Noun Attachment
1681;0-Ambiguous;0-Ambiguous
1698;1-Noun Attachment;1-Noun Attachment
1699;1-Noun Attachment;1-Noun Attachment
1700;1-Noun Attachment;1-Noun Attachment
1701;2-Verb Attachment;1-Noun Attachment
1702;2-Verb Attachment;2-Verb Attachment
1703;2-Verb Attachment;1-Noun Attachment
1705;2-Verb Attachment;1-Noun Attachment
1706;2-Verb Attachment;1-Noun Attachment
1708;2-Verb Attachment;1-Noun Attachment
1712;2-Verb Attachment;1-Noun Attachment
1714;1-Noun Attachment;1-Noun Attachment
1715;2-Verb Attachment;2-Verb Attachment
1716;2-Verb Attachment;1-Noun Attachment
1718;1-Noun Attachment;1-Noun Attachment
1719;2-Verb Attachment;2-Verb Attachment
1720;2-Verb Attachment;2-Verb Attachment
1722;2-Verb Attachment;1-Noun Attachment
1723;2-Verb Attachment;1-Noun Attachment
1724;2-Verb Attachment;2-Verb Attachment
1725;1-Noun Attachment;1-Noun Attachment
1726;1-Noun Attachment;1-Noun Attachment
1727;1-Noun Attachment;1-Noun Attachment
1728;1-Noun Attachment;1-Noun Attachment
1729;1-Noun Attachment;1-Noun Attachment
1730;2-Verb Attachment;2-Verb Attachment
1731;1-Noun Attachment;1-Noun Attachment
1732;1-Noun Attachment;0-Ambiguous
1734;1-Noun Attachment;0-Ambiguous
1738;1-Noun Attachment;0-Ambiguous
1739;1-Noun Attachment;1-Noun Attachment
1740;1-Noun Attachment;1-Noun Attachment
1741;2-Verb Attachment;2-Verb Attachment
1742;2-Verb Attachment;0-Ambiguous
1743;1-Noun Attachment;1-Noun Attachment
1747;2-Verb Attachment;1-Noun Attachment
1748;2-Verb Attachment;1-Noun Attachment
1749;1-Noun Attachment;1-Noun Attachment
1751;2-Verb Attachment;2-Verb Attachment
1752;2-Verb Attachment;2-Verb Attachment
1753;0-Ambiguous;0-Ambiguous
1755;1-Noun Attachment;2-Verb Attachment
1756;1-Noun Attachment;2-Verb Attachment
1757;1-Noun Attachment;2-Verb Attachment
1758;1-Noun Attachment;2-Verb Attachment
1759;1-Noun Attachment;1-Noun Attachment
1760;1-Noun Attachment;1-Noun Attachment
1762;1-Noun Attachment;0-Ambiguous
1764;1-Noun Attachment;1-Noun Attachment
1765;0-Ambiguous;0-Ambiguous
1772;0-Ambiguous;0-Ambiguous
1773;2-Verb Attachment;2-Verb Attachment
1776;1-Noun Attachment;1-Noun Attachment
1777;1-Noun Attachment;1-Noun Attachment
1778;2-Verb Attachment;2-Verb Attachment
1779;1-Noun Attachment;2-Verb Attachment
1781;1-Noun Attachment;2-Verb Attachment
1782;1-Noun Attachment;2-Verb Attachment
1783;1-Noun Attachment;2-Verb Attachment
1881;1-Noun Attachment;2-Verb Attachment
1908;2-Verb Attachment;2-Verb Attachment
1910;1-Noun Attachment;1-Noun Attachment
1911;1-Noun Attachment;1-Noun Attachment
1917;0-Ambiguous;0-Ambiguous
1920;1-Noun Attachment;1-Noun Attachment
1921;0-Ambiguous;0-Ambiguous
1923;1-Noun Attachment;2-Verb Attachment
1924;1-Noun Attachment;2-Verb Attachment
1925;1-Noun Attachment;2-Verb Attachment
1926;1-Noun Attachment;2-Verb Attachment
1927;1-Noun Attachment;1-Noun Attachment
1928;1-Noun Attachment;1-Noun Attachment
1929;1-Noun Attachment;2-Verb Attachment
1930;1-Noun Attachment;1-Noun Attachment
1931;1-Noun Attachment;1-Noun Attachment
1934;1-Noun Attachment;1-Noun Attachment
1935;1-Noun Attachment;2-Verb Attachment
1936;0-Ambiguous;0-Ambiguous
1938;1-Noun Attachment;1-Noun Attachment
1939;1-Noun Attachment;1-Noun Attachment
1940;0-Ambiguous;0-Ambiguous
1942;1-Noun Attachment;1-Noun Attachment
1943;1-Noun Attachment;2-Verb Attachment
1947;2-Verb Attachment;2-Verb Attachment
1948;1-Noun Attachment;2-Verb Attachment
1951;2-Verb Attachment;2-Verb Attachment
1952;1-Noun Attachment;2-Verb Attachment
1953;2-Verb Attachment;2-Verb Attachment
1954;0-Ambiguous;0-Ambiguous
1956;1-Noun Attachment;2-Verb Attachment
1957;1-Noun Attachment;1-Noun Attachment
1959;1-Noun Attachment;1-Noun Attachment
2421;1-Noun Attachment;2-Verb Attachment
2088;0-Ambiguous;0-Ambiguous
2089;2-Verb Attachment;1-Noun Attachment
2090;0-Ambiguous;0-Ambiguous
2091;2-Verb Attachment;1-Noun Attachment
2092;1-Noun Attachment;2-Verb Attachment
2093;2-Verb Attachment;2-Verb Attachment
2094;1-Noun Attachment;0-Ambiguous
2095;1-Noun Attachment;1-Noun Attachment
2096;1-Noun Attachment;0-Ambiguous
2097;1-Noun Attachment;2-Verb Attachment
2098;1-Noun Attachment;2-Verb Attachment
2099;1-Noun Attachment;2-Verb Attachment
2100;1-Noun Attachment;2-Verb Attachment
2101;0-Ambiguous;2-Verb Attachment
2102;1-Noun Attachment;1-Noun Attachment
2103;1-Noun Attachment;2-Verb Attachment
2104;1-Noun Attachment;2-Verb Attachment
2105;1-Noun Attachment;2-Verb Attachment
2106;1-Noun Attachment;2-Verb Attachment
2107;1-Noun Attachment;2-Verb Attachment
2108;1-Noun Attachment;2-Verb Attachment
2109;1-Noun Attachment;2-Verb Attachment
2110;1-Noun Attachment;2-Verb Attachment
2111;1-Noun Attachment;2-Verb Attachment
2112;0-Ambiguous;1-Noun Attachment
2113;2-Verb Attachment;1-Noun Attachment
2114;1-Noun Attachment;2-Verb Attachment
2115;1-Noun Attachment;2-Verb Attachment
2116;2-Verb Attachment;1-Noun Attachment
2117;2-Verb Attachment;1-Noun Attachment
2118;0-Ambiguous;2-Verb Attachment
2119;2-Verb Attachment;1-Noun Attachment
2120;1-Noun Attachment;0-Ambiguous
2121;1-Noun Attachment;2-Verb Attachment
2122;2-Verb Attachment;1-Noun Attachment
2123;2-Verb Attachment;1-Noun Attachment
2124;0-Ambiguous;2-Verb Attachment
2125;2-Verb Attachment;1-Noun Attachment
2126;0-Ambiguous;0-Ambiguous
2127;2-Verb Attachment;1-Noun Attachment
2128;1-Noun Attachment;1-Noun Attachment
2129;1-Noun Attachment;1-Noun Attachment
2130;1-Noun Attachment;1-Noun Attachment
2131;1-Noun Attachment;1-Noun Attachment
2132;0-Ambiguous;2-Verb Attachment
2133;1-Noun Attachment;1-Noun Attachment
2134;1-Noun Attachment;1-Noun Attachment
2135;1-Noun Attachment;1-Noun Attachment
2136;1-Noun Attachment;2-Verb Attachment
2137;1-Noun Attachment;1-Noun Attachment
2138;0-Ambiguous;0-Ambiguous
2139;1-Noun Attachment;1-Noun Attachment
2140;1-Noun Attachment;1-Noun Attachment
2141;1-Noun Attachment;1-Noun Attachment
2142;0-Ambiguous;0-Ambiguous
2143;1-Noun Attachment;1-Noun Attachment
2144;1-Noun Attachment;1-Noun Attachment
2145;1-Noun Attachment;1-Noun Attachment
2146;0-Ambiguous;0-Ambiguous
2147;1-Noun Attachment;2-Verb Attachment
2148;1-Noun Attachment;1-Noun Attachment
2149;1-Noun Attachment;1-Noun Attachment
2150;1-Noun Attachment;2-Verb Attachment
2151;1-Noun Attachment;1-Noun Attachment
2152;1-Noun Attachment;2-Verb Attachment
2153;1-Noun Attachment;2-Verb Attachment
2154;1-Noun Attachment;2-Verb Attachment
2155;1-Noun Attachment;1-Noun Attachment
2156;1-Noun Attachment;1-Noun Attachment
2157;2-Verb Attachment;2-Verb Attachment
2158;0-Ambiguous;0-Ambiguous
2159;1-Noun Attachment;1-Noun Attachment
2160;1-Noun Attachment;2-Verb Attachment
2161;2-Verb Attachment;2-Verb Attachment
2162;1-Noun Attachment;1-Noun Attachment
2163;1-Noun Attachment;1-Noun Attachment
2164;1-Noun Attachment;2-Verb Attachment
2165;2-Verb Attachment;2-Verb Attachment
2166;1-Noun Attachment;1-Noun Attachment
2167;2-Verb Attachment;2-Verb Attachment
2168;1-Noun Attachment;1-Noun Attachment
2169;2-Verb Attachment;2-Verb Attachment
2170;2-Verb Attachment;1-Noun Attachment
2171;2-Verb Attachment;1-Noun Attachment
2172;0-Ambiguous;0-Ambiguous
2173;1-Noun Attachment;1-Noun Attachment
2174;0-Ambiguous;0-Ambiguous
2175;2-Verb Attachment;2-Verb Attachment
2176;1-Noun Attachment;2-Verb Attachment
2177;2-Noun Attachment;2-Noun Attachment
2178;1-Noun Attachment;1-Noun Attachment
2179;2-Verb Attachment;2-Verb Attachment
2180;0-Ambiguous;0-Ambiguous
2181;2-Verb Attachment;2-Verb Attachment
2182;0-Ambiguous;0-Ambiguous
2183;2-Verb Attachment;1-Noun Attachment
2184;0-Ambiguous;0-Ambiguous
2185;2-Verb Attachment;1-Noun Attachment
2186;2-Verb Attachment;1-Noun Attachment
2187;2-Verb Attachment;1-Noun Attachment
2188;1-Noun Attachment;0-Ambiguous
2189;2-Noun Attachment;2-Noun Attachment
2190;2-Verb Attachment;1-Noun Attachment
2191;2-Noun Attachment;2-Noun Attachment
2192;1-Noun Attachment;1-Noun Attachment
2193;1-Noun Attachment;1-Noun Attachment
2194;2-Noun Attachment;1-Noun Attachment
2195;2-Noun Attachment;2-Noun Attachment
2196;1-Noun Attachment;0-Ambiguous
2197;2-Noun Attachment;2-Noun Attachment
2198;2-Verb Attachment;1-Noun Attachment
2199;2-Noun Attachment;2-Noun Attachment
2200;2-Verb Attachment;1-Noun Attachment
2201;2-Verb Attachment;2-Verb Attachment
2202;0-Ambiguous;0-Ambiguous
2203;2-Verb Attachment;2-Verb Attachment
2204;1-Noun Attachment;1-Noun Attachment
2205;2-Verb Attachment;2-Verb Attachment
2206;2-Verb Attachment;1-Noun Attachment
2207;2-Verb Attachment;2-Verb Attachment
2208;1-Noun Attachment;1-Noun Attachment
2209;2-Verb Attachment;2-Verb Attachment
2210;2-Verb Attachment;1-Noun Attachment
2211;2-Verb Attachment;2-Verb Attachment
2212;0-Ambiguous;0-Ambiguous
2213;2-Verb Attachment;2-Verb Attachment
2214;1-Noun Attachment;1-Noun Attachment
2215;1-Noun Attachment;1-Noun Attachment
2216;0-Ambiguous;0-Ambiguous
2217;2-Verb Attachment;2-Verb Attachment
2218;1-Noun Attachment;1-Noun Attachment
2219;1-Noun Attachment;1-Noun Attachment
2220;0-Ambiguous;1-Noun Attachment
2221;2-Noun Attachment;2-Noun Attachment
2222;0-Ambiguous;0-Ambiguous
2223;2-Verb Attachment;2-Verb Attachment
2224;0-Ambiguous;0-Ambiguous
2225;1-Noun Attachment;1-Noun Attachment
2226;1-Noun Attachment;0-Ambiguous
2227;2-Noun Attachment;2-Noun Attachment
2228;1-Noun Attachment;1-Noun Attachment
2229;2-Verb Attachment;2-Verb Attachment
2230;2-Verb Attachment;1-Noun Attachment
2231;0-Ambiguous;0-Ambiguous
2232;2-Verb Attachment;1-Noun Attachment
2233;2-Verb Attachment;1-Noun Attachment
2234;0-Ambiguous;0-Ambiguous
2235;2-Noun Attachment;2-Noun Attachment
2236;1-Noun Attachment;0-Ambiguous
2237;1-Noun Attachment;0-Ambiguous
2238;0-Ambiguous;0-Ambiguous
2239;1-Noun Attachment;2-Verb Attachment
2240;0-Ambiguous;0-Ambiguous
2241;0-Ambiguous;0-Ambiguous
2242;0-Ambiguous;0-Ambiguous
2243;1-Noun Attachment;1-Noun Attachment
2244;0-Ambiguous;0-Ambiguous
2245;0-Ambiguous;0-Ambiguous
2246;0-Ambiguous;0-Ambiguous
2247;1-Noun Attachment;2-Verb Attachment
2248;0-Ambiguous;0-Ambiguous
2249;0-Ambiguous;0-Ambiguous
2250;0-Ambiguous;0-Ambiguous
2251;0-Ambiguous;0-Ambiguous
2252;0-Ambiguous;0-Ambiguous
2253;2-Verb Attachment;2-Verb Attachment
2254;0-Ambiguous;0-Ambiguous
2255;2-Verb Attachment;2-Verb Attachment
2256;2-Noun Attachment;0-Ambiguous
2257;2-Noun Attachment;2-Noun Attachment
2258;0-Ambiguous;0-Ambiguous
2259;1-Noun Attachment;1-Noun Attachment
2260;0-Ambiguous;0-Ambiguous
2261;0-Ambiguous;0-Ambiguous
2262;0-Ambiguous;0-Ambiguous
2263;1-Noun Attachment;1-Noun Attachment
2264;0-Ambiguous;0-Ambiguous
2265;1-Noun Attachment;1-Noun Attachment
2266;0-Ambiguous;0-Ambiguous
2267;0-Ambiguous;0-Ambiguous
2268;0-Ambiguous;0-Ambiguous
2269;1-Noun Attachment;1-Noun Attachment
2270;0-Ambiguous;0-Ambiguous
2271;1-Noun Attachment;1-Noun Attachment
2272;0-Ambiguous;0-Ambiguous
2273;1-Noun Attachment;1-Noun Attachment
2274;0-Ambiguous;0-Ambiguous
2275;2-Verb Attachment;1-Noun Attachment
2276;2-Verb Attachment;1-Noun Attachment
2277;2-Noun Attachment;2-Noun Attachment
2278;1-Noun Attachment;2-Verb Attachment
2279;2-Verb Attachment;2-Verb Attachment
2280;1-Noun Attachment;2-Verb Attachment
2281;1-Noun Attachment;1-Noun Attachment
2282;1-Noun Attachment;2-Verb Attachment
2283;1-Noun Attachment;1-Noun Attachment
2284;1-Noun Attachment;2-Verb Attachment
2285;1-Noun Attachment;1-Noun Attachment
2286;0-Ambiguous;1-Noun Attachment
2287;2-Noun Attachment;2-Noun Attachment
2288;0-Ambiguous;2-Verb Attachment
2289;2-Verb Attachment;1-Noun Attachment
2290;2-Verb Attachment;1-Noun Attachment
2291;2-Verb Attachment;1-Noun Attachment
2292;0-Ambiguous;2-Verb Attachment
2293;2-Noun Attachment;2-Noun Attachment
2294;1-Noun Attachment;2-Verb Attachment
2295;2-Noun Attachment;2-Noun Attachment
2296;0-Ambiguous;2-Verb Attachment
2297;2-Noun Attachment;2-Noun Attachment
2298;2-Noun Attachment;0-Ambiguous
2299;2-Noun Attachment;2-Noun Attachment
2300;0-Ambiguous;2-Verb Attachment
2301;1-Noun Attachment;2-Verb Attachment
2302;2-Noun Attachment;2-Noun Attachment
2303;2-Noun Attachment;2-Noun Attachment
2304;2-Noun Attachment;2-Noun Attachment
85;2-Noun Attachment;2-Noun Attachment
263;2-Noun Attachment;2-Noun Attachment
264;2-Noun Attachment;2-Noun Attachment
268;2-Noun Attachment;2-Noun Attachment
271;2-Noun Attachment;2-Noun Attachment
302;2-Noun Attachment;2-Noun Attachment
330;2-Noun Attachment;2-Noun Attachment
331;2-Noun Attachment;2-Noun Attachment
332;2-Noun Attachment;2-Noun Attachment
360;1-Verb Attachment;1-Verb Attachment
361;1-Verb Attachment;1-Verb Attachment
366;2-Noun Attachment;2-Noun Attachment
382;2-Noun Attachment;2-Noun Attachment
385;2-Noun Attachment;2-Noun Attachment
700;2-Noun Attachment;2-Noun Attachment
701;2-Noun Attachment;2-Noun Attachment
714;2-Noun Attachment;2-Noun Attachment
738;2-Noun Attachment;2-Noun Attachment
741;2-Noun Attachment;2-Noun Attachment
770;2-Noun Attachment;2-Noun Attachment
829;2-Noun Attachment;2-Noun Attachment
924;2-Noun Attachment;2-Noun Attachment
937;2-Noun Attachment;2-Noun Attachment
1340;2-Noun Attachment;2-Noun Attachment
1422;2-Noun Attachment;2-Noun Attachment
1429;2-Noun Attachment;2-Noun Attachment
1462;2-Noun Attachment;2-Noun Attachment
1557;2-Noun Attachment;2-Noun Attachment
1687;2-Noun Attachment;2-Noun Attachment
1721;2-Noun Attachment;2-Noun Attachment
1915;2-Noun Attachment;2-Noun Attachment
1961;2-Noun Attachment;2-Noun Attachment
212;1-Noun Attachment;2-Verb Attachment
